Id,Predicted
0,THE COMPANY ALS.'D_DDDFFFFFFFFFFFFJJJWWWWWWWWWWWWWWWWWWWVVVVVVVVVVVVVVVVVRRRRRRRRRRRRRRRRRRRRRRRRRRRRRRRRRRRR-R---QQQQQQQQQQQQQQQQQQQQQQQQXXQQXXXXXXXQ<eos>
1,MR. BENZCCCLLLFFFFANNJATTATTATTHHHGHGHGGHHNHNNNNNSSSSTTTTTTTHHHHHHHHHHHHWWWWWPP<eos>
2,UN SHRELYL_Z_SIJJJJJJJJJJJTTTTTTTTTTHHHHHCCCCCCCCCCCCWWWWWWWKKKKGGBBBBBBBBBBBBBBBBBBBBBBBBBBBVVVVVVVVVVVVVVVVVVVVPPPP<eos>
3,THE BIOLZUZUZNNNNCCCCCCNNNJJNJJJJLGGGGGGGGSSSSSSSSSSGGGGVGVWVVVVVVVVQPPRPPR-P<eos>
4,HOWEVER INC_CNNGCCNCCCCCCFFFFFFFFFJJAALMMMMMMMMMMMMMMMMMMMMM......K.KKKKKKKKKKKKKKKKKKKKKKKKKK.KKKMMMMMYYYYYYYYYYYPYYYYYD<eos>
5,IN AUG_ST_COMMA.PPPPYFFYYYYYYYYYYYYYYYYYHYHYH'''''''EEEEEEEEEEEEEEEEWWWWWWWWWWWWWWQWWQQQQQQQQQQQQQQQQQQQQQQQQQQQQQQQQQQQQQQQQRQQRRPPPRRRRRXXXP<eos>
6,AM M.UT__'''''NEEEEEEEEHHHHHHHHHHHFFFFFFFFFFFFFFFFFFFFFFFFFFFLLLLLLLLLLLLLLLLLLLLLLLLVVVVVVVVVVVVVVVVZZZZZZZZZZZZZZZZZZZZZZGGGGGGGGGGGGGQQQQQQQQQQQQQQQQQPPPP<eos>
7,THE NEW CHARMMMM_KKDDDDBBBLLLBLBLLLLLLLLLOOOMMMMMM'MMMMMMMMMMPPPFPPFPPFFFFFFFFFFFFFFFFFLLLFLLLLLLLLLLLLLGLGGGGGGGGGGGGGGGGGGGYYYYYYYYYYYXXXXXXXXXXXXXXXXX<eos>
8,THE AVERYGJM_MKKKKKKKLLLLFFFFFFFFFFCCQQQQQQQQQQQQQQQQQQZZZSZSSSSSSSSSSWWWSSSSBBBBBBBBBBBXXXXPPPPPPPPPPPPPPPPPPPPPPPPP<eos>
9,A. GG W__W____WZZZFFFFFFHFFFFJJRRPPPPPPPPPPTTTTTTSSSSSS''SVVVV'''''''''SSUUUUUUUUUUUUYYYYYYYYYYYYYYYYYYYYPPPPPPPPPPPPPPPPMMMMOOMDDDDDDDDD<eos>
10,NO F. FFMLM_PPPHHHDDVVVVVVBBBBBBIIIIIIIIICCICIIIITITTTTTTTHHHHHHHHHHHHHHHHHHHHHHHHHRCXYHYYX<eos>
11,I'SSCCDDUUUGGGGGGUGGUWWWWWHHHHHEEEEEVVVVLVLLLLMMMMMMMMMMMMMMMMMMMMMMMMMMMMQ<eos>
12,IT INVUEDD__ZZZ_''''JJJJJJJJJJMMMMMMYYYYYYYYYYRRYRRKKKKKKKKKKKMMMMMMMPMMCCMMCSCCSSSSSSSSSSSSSS<eos>
13,THE ROGNWLWSZZGGGSANNNXXXFFFCFCCICIIIVVVVVVVVVVVVVVVVVVVZVVVSSSSSSSSSSSSSSSSJ.JJJJJJJJ....................MMMMMMMMMMMMMMMMMMMMMMMMMMMMMMMMMMMMMMMMMMMMMMMMMMQMDDDDQ-<eos>
14,DOCBLZ-QUOTE WH'RRNKKKKKJJJJJMMMMMJJJJYYYYYSSSSGGGNSSSSSSSSSSSSSSSSSFFFFFFFFPPPPPPPPPPPPPPPPPPPPPPP<eos>
15,IN MAY COWMA FFFURR_WWWSSSS...S.S....SSSSSUSSSUUSJSSHSJSHHHJJJJJHHHHHHHHHHHHHJHJHJHXHVXHXVVXGGGVXGGGVXGVVXGVVXGVGGGHGGGLGLLLLLLLLLQLLQQLLLQQLQQLQQQPPPPP<eos>
16,+.U_<sos>.____MMMMMMMMMM''PPP'ZZZSCCCCCAAWWWWBBBBBBBBBBBCCCCCCCRCTTRRRRCRTHHRTHHHRTHHHGGGGGGGGGG<eos>
17,IT +S CHLRZ_____GGGGGYYYY..FFFFFFFFF..JMMMMMMMMMMMMMMMMMMXKKKKKKKKKKKKKKKKKKKKKKKKKKWWQWQWWUUWUUOUOUOUOUOUOUOBOBOOBOBBOBBBBBBBBOBBBBB<eos>
18,COORN FUJUR____SEESSSSSSSSSSSNNNNNXXXXAAAAAAHAAGHGGGGGGGGGGGGGGGWWWWWWWWWWWWWWWWWWWWWWWWWWWWWWWWWPPPPPPPPPPPPPPPPPPPPPPPPPPPPPPPPPPPFFFFFFFFFZ<eos>
19,CHRI''_____WWWZHYPPPHNNGGGGGGGGGMMMMMMMMMMMMMMMMMMMMMMMMMMMMMMMMMMM.M..M....X.XXXXXXUXUJJJUXUXJJUXJJJXJJJJJJJXJJJJJJJJJJJJJJFFFFFFFFFFFFFFTTTTDFDDDDDDDDDDDDDDDD<eos>
20,THE BUND'SSP_MMMPPPPPLYYYYYYYLMMMMMMLGGGGGGGFWFFFFFFFFFFFFFFFFF...................AA.AAAAAAAAAAAGGGGGGGGGGGGGGGGGGGGGGGGJJJJJ<eos>
21,COPULISS'MEINNNNNNNN_RRVVVVVVVVVVVVFFVFFFFFFBBBBBBBBXXXXXXXXXXXXXXXXXXXXXXXXXXXXXXXXBXXVVBB DDG DDHDDHDDHDDHDD<eos>
22,BHE RADIGGGCOMMSSSOZSLLLLLLPLPPLPPLLLLLLLLYYYYYYYYYYYYYYYYYYYYY............ZZZZZXXZXXXXXXXXXXXXXXXXXXXXXXXXXXXXXXXXXXXXXXVVVVVVVVVVMMMMMMMMMMMMMMMMMMMMMMMMMMMMMMMQMQ<eos>
23,PA.M.I._QQQQLYYYBGGGGGGGGGGGGKKJK'CCCCCCCCSHHHHHHHEXXXXXXXXVVVVVVVVVVVVVVVRVVVVVRVRVR<eos>
24,THEY FILL'COUUUNNNNUUUU______CCMMMMMMCCCCKKKKKXXXXXXXSSXSXSSSSP<eos>
25,MR. WCORNERSSSAYBBBBHHHHHHHHFFFFFFFFFFFFIIIILLLLLLLLLDDDDDDDDDDDDDDDDD<eos>
26,THE AUDIYOO_MMMMBBBBBBBSSSSSSSSSSSS''''''''L'LLLLLLLLLLLLLVVVVVVVVVNNNNNNNNNNNGNNGNKGKGGGGGGGGGGGGGGGCGCQQQQQQQQQQPPQQQ<eos>
27,N_V'HHHUDBBBB_______FFFFLLLLLLL'LLLLLMMMMMPDPPPPPPPPPPPPPPPPPPPPPPPMMMDDDDDDDDDDDDDDDDDDDDDDDDD----------------------------------------------------JJJJJJJJJJJ<eos>
28,THE REE'___AN_ZZZZ_WWLWWLLLLLLLLLL'XXXXXXXCCCCMMMMMMMMMMMMMMMMMMMMBBBBBBBBBBBBDDDDYYYYYYYYYYYYYYYYYYYYNYYNNNNNNNNYNNNNNNNKKKNNPPPPPPFPPFFPFFPFFFFFFPPFPPPPPPP--<eos>
29,SEPARLLL+_M+++''''''VVVVVVVVVVVVOCCCCCCCCCCCCCCCDXXXXXXXXXX.XXXXXXXXXXXXXXXXFXXXFFFFFFFFFFFFFFFFFFFFFFFFFFFFFBBBBBBBBBBBBBBBBBBBBBBBBBBBBBBBBBUUWUUWUUWUQQQQQQ-QQ-<eos>
30,BUT COMMAYY.RJGGJJJJJ....--------QQQQKPPPPPPPTRPPTRWPPTWWWWWWWWWWWWWWWWSWFFFFFFFFFFFFFFFFFFFFFFFFFFFFFFFFFFFVVVVVVVVVVVVVVVVVVVVVVVVVVLLLLLL<eos>
31,MANY WHRKP_TSST_R_T_TTCCCCCCCCCIIIIIIIIIIXXXXXXXXXXXXXXXX<eos>
32,MIKROBPPAN ANNLLLLLLLR__FFFFFFFFFFFFFFFVVVHHHHHHHHYYYYYYVVVVVSSSSSSSSSSSSSZUU<eos>
33,MR. ROBZZZAACCCSZZZZDDDDDDDDDDDDDNNNNNYYYYYYYKKKKGGGGGGNVVVVVVVVVVVVVVVVVVVVVVVVVHHHHHHHHHHHHHHHHHHHHHPHHPPPPPPPPPPPPPPPPPPPPPPPLPOOLLL<eos>
34,THE NEWDY ZLBPOSSCCCCCCCCCCCCCMMMMMMMMMMFFFFFFFFFFFFFFARABBBBBBBBBBBBBBVBBBPBPPB---P<eos>
35,WITH_TY_YYYLLLLLLLUUUUUOUOMMMMMMMMMMMM.MMMMMMM.NNNNNNGGGGGGGGGG......................JJJJJJJJJJJJJJJJJJJJJJJJJJJJFJJFFFPFPPDDDDPDD<eos>
36,BUT TH_ FEDARAL ZZZSSMMMMMM''''SSSSSSSSZZLZYYYYYYYYYYYYYYGWKKKKKKKKKKKKKKKKKKKKKKKKKKKKKKCCCCCCCIIIIIIIIV<eos>
37,THE GOLD_CAR__WWUUUUUUUUUUUUFFFFFAAAAAISSWSSWWWWNSSWNNNNSNNNNNNNNNNNNNNNNFFFFFFFFVVVVVVVVVVVVVVVVVVVVV<eos>
38,KHRSSI'______HHHHHIGGGLGGGGGGGMMMMMMMMMMMMMM.M.MMM.MMMMMMMM.MMM.M....MMM...JUUUUUUUUUXUUXXUXXXXXXXXXXXXXXXTXXTXXTXFTTFFTTTFFTTTTTDDDDDDDDDDDDDDDDDDDDDNNNNNNNN<eos>
39,BUT ISHHYERCOMMAPR____________Z_LL''KCCCCCNNNJJKKKKKKQQQQQQQQWWWWWWWWWWWWWWWWWWWWWWWWFFFFFFFFFFFFFFFFFFFFFFFFFFFFFFFFFFFFFFFXXXXXXXXXXXXXXXXXXXXXXXXXX'''''''''GXXGDD<eos>
40,THERE'GJLNOO_____W___.MMMMMMSSSSSSFFFFFFFFFXXXXUUUUULLJLLLLL.L..L...S..SS.SSSSSSSSSSAAAAAFFFAFFFAFCACCCCCCCCCCCKKKKQQVVVVVVV<eos>
41,I<sos> RECENT WHEKS COMMA FOR <sos>XZMPLY'C.JJA <sos>.J<sos><sos>E_JOJGO<sos>'B.RZZH+PERIOD<eos>
42,HE ALSO S.Z__TTTITTIIIMMMWMMWWWWWWWY.YYYYBBBVVBBBDDDDDDDDDDKKKKKKKKKKKKKKKKKQQQQQQQQQQQQQQXXXXXXXXXXX<eos>
43,WE'CHAVVBDNGDGNNAAAAAAABBBIIPPPPPQQQQQQQQQQQQQQQQQQQQQQQQQQ-QQQQQ-------------<eos>
44,THIS'IZ AAN  EEMM++KKKKKCCCCCCCCCXXXXXXXXX.....................WWWWWLLLLLLLLLLLLLLLLLLLLLLLLLLLLLLLLLLLLLLLDDDDDGGD<eos>
45,MOST ZBVERHU_''AYY........AAYALYYYYYYYYJJJJJFFFFFFFFFCCCCCCCCCCCCCCCCCCCCCCCCCCCCCCCWWWWWWWWWWWWWWAAAAAAAAAQIIIIIXXXXXXXXXXXX<eos>
46,H+ MADER'GSOSLLLCCCCCCWWWWWWWWWWR_XXXXXXXXXXXXXXXXXXXXXXXXXXXXXXX----------------------------GUBBBBBBBBBBBBBBBBBBBBBBBBBBBBBBBB<eos>
47,MEANTY..  _OR_____CCCULLLLLLLHHHHHHHHHHHHHHHHHHHHHUUUVVVVVVVVVVVVVVVVVVVVVVV<eos>
48,IN FEDDJOLL''_L___QQQQQQQQQ__SSSSSKKKKKKKWZWWWVVVVVVVVVVVVVVVVVVVVVVVVVVVPPPPPPPPPPPPPPPPPPPPPPPPPPPPBPPPBBPBBBTHTTBBT<eos>
49,HE ALSO S.B__TTFFFFFUFUIMMMMMMMMMMYYYYYYYYYYYYYYBBBBBWWWWWWWBBBBDDDDDDDDDDDGGGGGGGGGGGGGGGGGGGGGGGGGGGGQQQQQQQQXXXXXXXXXXXXXXXX<eos>
50,WISHSTH_Y VYMLLLLLLLOUOFOFOFMMMMMMMM.MMMMM...GGGGGGGGGGGGGGGGGGYYY......................Z..ZZZZZZPPPPPPPPPPPPPPPX<eos>
51,U. S.'ATTRENGGGGGLJJJJJMMCMMMMMMMMCIIEEEEEEELLLLLLLLLLLLLLLLWWWWWWWWWWWWWWWVVVVVVVVVHHHHHHHHHHHHHHHHKKKKKKHKKKKKKKKPPPPPPKPPPPPP<eos>
52,+N AFJR_T__.SSSSSSSIMMMM____CCCCCCCCCCCMMMMMMMMMMMMJJJJJJJJJJJJJJJJJJJJJJJJDDDDT'DZZZZZZZZZZZZZZZZZZZZZZZZZZZZZZZZZLUL<sos>LL<sos>QQ<sos>QQ<sos>QKL<sos>QQKKKKQQQQQQQQQQQQQQ<eos>
53,MR. CAT'''NBBBBSBBUSSUIAINNNNNNNUUUUUUOOYYYYYYYYYYYYYYWWWWWWWWWWQQQQQQQQQQQQQQQQQQQQQQQQQWWWWWWWWWWWWWWWWWWWWOOOOOOOOOOOOPPOPPP<eos>
54,CEPPERZ__''''''''HHHHHHHHHHHHFFJ..............................JJ.JJJJJOOOOOOOMMAAAAAAAALLLLLLLLLLLLLLMMMMMMMMMMMMMMMMMMMMMMMMMMMMMMMMMBBBBBBBBBBB<eos>
55,THE FEDORALK'XX___VVSVVMMMMMWWWWWWWWWBBBBBBBBBBBBBBBVVIVVVVVVJJJJJJJJJJJJJJJJJJCCCCCCCCCCCCCCCCCCCCCCCCCCCCCCMMMMMMMMMMMMMMMMMMMMMMMMMMMMMMMMMMMMMMMMMMMMMMMMMM------P---<eos>
56,THIS'MEANZ'FFFFFR_R_R_DDBBBBBBBBBYYYYYYCCCCCCCCCCCCCKCCCCPPPPPPPPXXXXXXXXXXXXXXXXXXXXXXXXXXXXXXXXXXOOOOOOOOOOOOOOOOOOOOOOOOOOOOOOOOLLOLLLLLLL<eos>
57,INUWEST J.RMMMYMCCMM........QQQQQQQQQQQUUUUUKKKKBBBBBBBBBBBKKKKKKKKKKKKKKKKKKKKXXYYXXFVVVVVVVVVVVVVVV<eos>
58,ANDUREDLLCOOUU_FFFFFFLLLLL'''SF'TYHHHHHYHHHHHYYJJJJJJJJJJJJJJJMMMMMMMVMMMMMMMMMMVVVVVVVVVV.QVXW-<eos>
59,BYKPT''''YNSANNNNNFFFFFFFFFFFFFFCCCCUTTNTTHTTTNATGGGGGGGGGGGGGGGGGGSSZZZZSSZP<eos>
60,HE REST+IPFT_______J______LLZZZZLXXXKKKKKJMMMMMMMMMMMMMMMMMMMMMBBBBBBBBBBBBBBBBBBBBBBBBBBBBBBBBBBBBBBBFWFFWFFFFFFFFFFFFGGGGGGGGGGGGGGGGGG<eos>
61,THE N.XT_SPRIIIGGCMMCACCMCMCACMCMYYYYYYMYYAAABBGGGGGGGGGGGGGGGGDDDDDDDDJJMAMJJJMAJJJJJJJJJJJJJJJJJJVVVVVVVVVVVVVVVVVV<eos>
62,THE MHSS ABCCCPP_+ZZZZZXXUUXUUUUUUUUJMMMMMMMMMMJJJJJJJJ'''''J''J''L'LLLLJLFFFFFFFFFFFFFFFFFFFFFFFFFFFFFFFFFFFFFFFFFFYYYYYYYYYYGGGGGGGGGGGGGGGGGGGGGGGGGGGG-----------------Q--QWQ<eos>
63,BAND'TH___COMMAWWWWWWWWWWWWWWNYYNNYYNHHHHHHHHHHLLLLLLLLLLCCCCCCCCCCCCCCCCCCCCCCCCCCCCCCCCCCJJJJJJJUUUUUUUUUUUUUFLP<eos>
64,E.S BEONLYYGGG_QQQQQWCCCUUU   PPPPPPPPPPPPJJJRRRRRRRRRRRRRFVRVVVVVVVVVVVVVVVVVVVVVVVVVVVZZZZZZZZZZAZAAAAADDDDDDDDDDDDDDDDDDDDD<eos>
65,A SPOKE'MMN FFFFFUUQUQQQQQRRRRRRWWWWWWWWWWWWWWYYYHHHHHHHHHDDDDDDDDDDDDDDDDDDDDDDDDDDLLDLLLLLLLLLLLLLLLLLLL.L.L..QQVVQVVVVVVVVVVVVVVVVVVVVVVVVVVV<eos>
66,MR. ASZZZEYAAFFFFFFFGGGJHJJJJJJJJJJJJJDDPPPPPPPPPPPPPGGGGGGGGGKKKKKKKKKKKKKKKXXXXXXXXXXXXXXXXXXXXXXXXXXXXXXXXXXXXXXFHFFFFHFOOOOOOVO<eos>
67,IF +_NKTEMK'..YYY.FF..XZZZZZZZZZZZLLYYYYYLLVVLVLVBBBBBBLBLBLLLLLLLLLSSSSSSSSSSSMSSJJJJJJJJJJJJJJJJJJJJJGJGGRGRVRRRRRRRRRRRRRRRRRRPPPRPPP<eos>
68,S. BAAAG_RRR DRMMMMMMVVVVVVVVVVVVV''''''WXXXXXXXXQQQQQQQQQQQQQQQQQQQQUUUUUUUUUUUUUUUUUUUUUUUUUUUUUUUUUUU<eos>
69,THE SHUDDLLVBBBBBYVFFFFFFFFFFFFFFFFFKKKNNNNIKIIIXXXXXXXXXXXJJJJJJJJJJJJJJJJJJXXXXXXXQQPPPPQ<eos>
70,DAVEFER__OOOOPPPPPPPPPBB+BTBIITIIEEBBBBBBBBBBBBUUUUUUUMM....M.''''''MMMMMMMMMMMMMMMMMMMMMMMMWWWWWWWWWWWWWWWWWWWWWWWWWHHHHHHHHHHHHHHHHHHHHHHCCCCCCCCCCCCXXSXXXSXXX<eos>
71,YESTEDDAAAAJJZNNBBBBBBBPBPNNPNNNIIHHHHHHHHHHHHHHHHHHHHLLLLLLLLLLLLLMMLMMMMMMVMMMVVMMMMMMVVVVVVVVVVFFFFFFFFFFFFFFFFCC<sos>R-P<eos>
72,AND SOMHEHCHHIJ__...U..HHWWWWWWWR__++RRRR+R+OOROOOOOOOOOOORRRRRRRRRRRRRRRRRRWRRWWWWWWWWWWWWWWWWWWWWWWWWWYYYYYYYYYYYYYYYYLLLLLLLLLLLLLLLLLLLLLLLLLLLLLLLLLLLLLLLLLLLLLLFVFVVVVVVV<eos>
73,A-CORTINGJ_HHZZ..SLLWSWWWWSSSSSSMMMMMMMMMMMMMYMMMMVMMMMLMMPPPPPPJJJJJJJJJJJJJJFFJFFFFFFSFFFFFXXXFXXXXXXXXXXXXX<eos>
74,+ITLEL'LL___DE EEE''''SXXXXXXXXXY..YYYYYYY.....PP.PKPKKKKKKKKKKK........K....SSSSSSSSSSSSSSSSSSSSSSSSSSSSSASSSSSSSWFSFFFFFFFFFFFFFOFFOOFFFFF<eos>
75,THE NEW CHARRMMMM_KSSSSSLLLLLLLLLLLLLLLOLMMMMMMM'MMMMMMKKKKKKMMPPFFFPFFFFFFFFFFBFBFBFBFVFVFBVFVFBVFVFBVFVFBVVVFBVVLLGOGGGGGGGGGGGGGGGGGGGGGGGGGGQGQXXX<eos>
76,THEY NOUEDDAA_CCMMMMMMMMMMMMMMMPPPPPPPPUUPPPPUUUJJJUJJJJJJUAJJAAAAAAAAWLWWWWWWWWWWWLWWLWWLWWLWWLWWLWFLWFLWFFWWFLWFLWFFWFFLFFFFFFFFFFFFFXFFXXXXXXXXXXXXXXXXXXXXXX<eos>
77,NOW '......YYYIIIIMMMMMMMMCCMCCCSSPPPPXXXXXXXXXXXXXX--------------------------FFFFGGGGGGGGGUGUGGGUUVGGGGYGGUUGUUGGAUGUUGUUGG+GFGGGGGGGAGGGHOUGGGGGBHAYBIIIMMMMCCC_MMCMCCPPPPPPPPXXXXXXXXXXXXXXXXXXXXXXXXXXXXXXXXXXXXXXXXXXXXXXXXXXXXXXXXXXXXXXFFFFFFFFFFFF
78,BUT ATTEMP'_ZZYYYLLIISIISIWWWRRRCCCCCCCCCPPPPIIIIIIIIMMMMSSSLOOSOSSWW.S....R........FFFFFFFFFFFFFFFFFFFFFFFFFFFFFFFF<eos>
79,YET THEDB_'___SS'BBBBNNNNGGGGGQQQQCCQCCCCWCCCQQQQQQWW...............MMMMMMMMFFFFFFFFFFFFFFFFXXXXXFXXXXXXXR<eos>
80,MR. BONUUCUUUU''''LLLLLLLLLLLLGGGGGGGGGGGGKKKKKKXXXXXXFFFFFFFSSSSSZSSSPPSVIID<eos>
81,BHE NASD''CCCMMPPPPIIIIIDXXXOOOFFFFFFUUUUUUUU''J'''JJJJJJ'JJ'JJ'JJLLLJLVVJVVVVVVVVVVVVVVVVVVVVVVVVVVVVVVVVVVVVVVVVVVVVVVVVVVVFFFFFFFFFRFFFFFFRFYYRRYYYYYYYYQWQQWQQWQGQQRQ<eos>
82,NOW '.....BBBBBIIIITMMMMMMMAMMCCCMMH<sos><sos><sos>ZZZZZZXXXXXXXXXFFFFJJJJ----------JJJJJJJJJJJJJGGGGGG<eos>
83,AN''HURLLFFFFFFTT_QQQQQQQQMMMMMMMMMMMMMYYYYYYSSSXSSSXSXXXXXXXXXDDX<eos>
84,HOTEL'''_UUUUU__KKKKKXXXXJJJJJDDDD_PPPPRBBBBBBBBBBBBBBBBBBWWWWWWWWWWUWWWWWWWWWWVWLVVVVVVVVVVVVVVVVVVVVMMMMMMMMMMMMMMMMMMMMMMMMMMMMMMMMMMMMMMMMMMMMMMMMM<eos>
85,ACCEPEDDBBD____GGJJJJMMMMM'M..........V.VVVVVVVVVVVFFFFFFFFFFFFFFFFFFFFFFFFFFFFFFIFFXXXXXXXXXXIXXXXXXXXXXQRR<eos>
86,DOYBLE-QU.TE O'RZ'''XJNNNHHVVVVVVVVVVFFFFFFFFFFFFXXJJMMMMNMNNNNNNNNNNNNNNNNNNNNNFNNFFFIFCYIIIIYICIIIIIIIIIIIIIIIIWWWWWWWWWWWWWWWWWWWWWWWWWWWWWWWWWWWWWWWWWWWWWWWWWWWWWWWWWWWWWWPWPPPPPWPPPPWPPPPPPPPPPPPPPPPPPPPPPPPPPPPPPPPPPPPPPPPPPPPPPPPPPPPPPPPPPPPPP
87,B.+Y_G_GG__S.YYYAR.CMMMMMMMMMSMMSLL''''X''''''''''''KKKKKCCQDQQDPDPDDPDP<eos>
88,DOUBLZ-QUOTE WE'HAVFFFFKKKKKKSNNNNNNNNNNNFNFFFFJJJJJJJJMMMMMMMMMMMMMMMMMMMMMMMMMM.MRPPP<eos>
89,BUT HE'SAIDNANNNNNEE.WWWWWWWKKWKKKKKKGGGGGGGVVVVVJJJLLLLLLLLLLLLLLLLLFFFFFFFFFFFFFFFFFFPPFPPPFPFPPPCPPPCXQXC<eos>
90,AN AIRC''''SSSSSSSSSSSMMMMMMMMMMMMMMMYMMMMMVVVVVVVVVVHTTTT.........YYYYYYYYYYVVVVVVFFFFFFFFFFFFFFFFFFFFFFFFFFFFFFFFFFFFFFFJJJJJJJJJJJJJJJJJJ<eos>
91,BIGAAUKU_LLLLLLL_WW''ZZZZZZ'''JJJJJJFFFFFFFHWWWWWWWWWWWWWWWWWWWUUYLLYLLLLLLLLLLLLLLLLLLLLLQQQQQQXMMMPPPPPPPPPPPPPPPP<eos>
92,MR. COLLAN'G_GGGGNNNNNQQQQQQQQQQQGVVVVVVWWWIWWSSSSSSSSSXXXXXXXWWWWWWBBBBBBBBBBBBBBBBBBZPPPPPPPPPPPPPPPPPPPPPPPPPPPUPUUUUUUUUYYYYYYYY<eos>
93,FOR SUCH'G+_+PE___________ALLLLLLLLLLLLLLJJJJJJWWWWWWWWWWWWWWWWWWWWWWWWWLAAAAAAALLAAALLAAALAAAALLAAAALLVVVVVVVVVVVVVVVVVVVVVVVVVVVVVXVVVIVIIIIIIIIINIIIIIIIIIIIIIIIIID<eos>
94,+<sos>THDRAHUU.....AALALLLA  FFFFFFFFFFFFFFFFGGHHHHHWWW  W'''VVVVVVVVVVVVVVVVVBVV<eos>
95,THE BANKCCOLDIGGCCCMMMPPPPPPP''''POIIFFFFFFFFFFVLFLLLLLLLLLLLLLLLLLLXXXXXXXXXXXXZZZZZSZZS.<eos>
96,FIVETH NNNYYY_R____R_WWWWW''W''''''''''''''''<sos>YYYYYAAAAAA  HHHH     AA DDDDDDDDDDDDDDDD<eos>
97,THE RUALING'__KKQQQQJJJJJFFFFFFFFDDJCCCCCCCCCMMMMMMMMMMMMMMMMMMMSSSMSSSSSVSVSSVVSPVPP<eos>
98,CLAST NOS HHAS  BBBBBBGGGGIGGDDEDEEEEE'E'E'''''''''M'M<eos>
99,MARKET +CT+INNWWWWNNNLUUUUUUUUJJJJJJJJDDDWWHHHHHHHZZVHZZZZZZD<eos>
100,SOME INVEST_RZ'AAPPPPPP__YFFFFFFFFWWWWJWJJJJJCCJCCJJCJJJJJHHHHHHHLLLLLLLLLLLLLLLLLLLLLLLLLLLLLLLBBBBBBBBBBBBBBBBBBBBBBBBBBGGKFFF<eos>
101,I+ +UCONT YEARS<eos>
102,SOME AD HAVVRRLLLLLLLLBBBBBBBFFFFFFFFFFFFFFFFFFLLLLLLLLLLTTPPPPPPPPPPPPPPPPGGGGGXGXXXXXXXXXXXXXXXXXXXXKYYYY<eos>
103,BUSIZZ'WWLLLWLOZWORWO______XXXXXXXXXJXJJJJJJJJJJHJHAJJLRRRRRFFFFFFFFFFFFFFFFFFFFFFFFFFFFFFFFFFFFFFFFFGGGGGGGGGGGGGNNNNNNNNNNNNNNNNNNNNNN<eos>
104,THE PEOLS'''J_YYYYY_D_GVMMMMMMKKKKKKKKKKKICCCCSCSSSSSSSSSSMMMSSSNNLLLLLLLLLLLLLNNLLLLLLLLLLLLNLLLNLLLNLLQNQNNFQFQFFQFQFQFFQFQRQRFQRQRF<eos>
105,NORROYL__D FYYYYYYYYY__DDDDDDD'''Z'''''''''''SSASCCCCCCCCCCCCCCCCQFVV<eos>
106,ONLY F.....S_T_____QQQQQ IIPPPMMMMMMMMMCCMMCCCC  F   WWWWWWWWQQWQQWQWKK<eos>
107,EXPORK____C__S_S___S''KKKNNNNNNNNNNNAAAADDQQQQDDDDDJJJJJJJJJJJJJJJJJJYYYYYYYYYYYYYYYYYYYYYYYYYYYYYTTTTTTTTTTTTTTTTTTTTTTTFFFFFFFFFFFFVFFVVBVV<eos>
108,B.NZ'TTT___GGGXXXXXGGFFFFFFFFFYFYYYLLLLLLLLLLWWWWWWWWWWWUMMMR<eos>
109,A QUUUEETTHHHHHHHHS_SLLL_LLWWWSS.....MMMMMMMMMMMMMMMMMMMMPLPPPPPPJJJJJJJJJJJJJJJJJJJJJJJJJJJJJJJJJSSXXXNXNXXNNNNNG<eos>
110,+HE STAKE'GOVMMMM'CRCRRZRZRRRNNINNNN......YYJYJJPPBBBBBBBBBBBBBBBBFFFFFFFFFFFFFFFFFFWWWWWWWWWWWWLLLULLULLILLLLLLILLLLLLLQI<eos>
111,IF SOUD.DNANNCCCCNNNCCC_CR_JRRJJJJJJJJJJJLLLLLLLLLULUUUUUULUULUBBBBBBBBBBBBBBBBBBBBBBBBBBBPBBBBPPPPPPPPPPPVPPVPPPRVHYYV<eos>
112,IT'MAYBB.V    SS___UU_RRLLLLLLLLLPPPPPPPPPPPPPNPNNNNNNNNNNNSSSSSSSSFFFFFFFFFFFHHHHFFFHFHFHHFHH<eos>
113,MANY OTHERS'C_.__VVVGGXXXXXXXXXXXXXXXWWWWWWWWWWWWWWWWWWWWWWWWWWWWWWW.WL..PP<eos>
114,THE BANKLWOLDIGGCCCMMMMMPPYSSSSSSSOOOOOFFFFFFFLYFFLLLLLLLLLL<sos>FL<sos>FFL<sos><sos>XRXXXXXXXXXXXXXXX<eos>
115,THE PINC.Y...ADDDDGGGRRRRRRRRRRRR_RR_RRRRWWWWWWWWWMMMMMMMMMMMMMMMMAAAAAAAAAAAAAAAAAAAAAAOOOQOOOQOOOOOOOFOFOFOFOFOFOFXFXF<eos>
116,ITH AADJJJMJAACCCCCCCCCCCKKKKNNWNWWWWNMMLLQQQQQQQQQQQQQQQQQQQQQQQQQQ----Q-Q--Q--<eos>
117,EARLYY_'S__WCCMMMMMM....J.JJJJJJJFFFFFFFFFFFFCCCCCCCSSCSSNPPPPPPPPPP<eos>
118,BHEY'FAUMNNNUUUUUWWWWW......SSSSSZLLLLLLLLLLLLNNNNNNNNNNNNNNMMMMXXXXXQQP<eos>
119,GROUPH'SOVN'''___''FFFMMMMMMMMMMMJJJJJJJJ............YYYYYYYYYYYYYYYYLLLLLLLLLLLLLLLLLTLLLLTLLTTTLTPPTTHPPPT<eos>
120,THE RECALLM'XXXXZZZZDDDDDDDDDDDDDFFVFFFFFFFVVVVVVVGGGGGGGGGGGGGGGGGYYYYYYYYYYYYYYYYWYWWWWIYYY<eos>
121,IN THE A. B+'+M___+CMMMMMMMMMMUUUGGGGGGGGJUUJJJJLLLLLLLLLLLLLLLLLLLVVVVVVVVVVVVVVVVVVVVXXXXXXXXXXXXXXXXXXXXXXXXKKSKKKOKOOOOOOOOOOOJOOOORORRRR<eos>
122,IT WS A'PUNDNNNNCCMMMMMMMMFFFFFNUNNNNNXXXXXXXXXXXPXZEZZZZEZRRRRXXXR<eos>
123,THE AVVVIGGDDGDDDDDYYYDLLLLLDDDDDMMMMMMMMM''''S''ZZSSSZZZSSSZSSSSSSSSSSSSSSSSSSSSSSSSSSSSSQQQQQQQQQQQQQQUUUUUUUUFUFFFFFFFFFFFFFFFFFFFFFFFFFFFFFFFFFFFFPFPPFPPPPPPF<eos>
124,THE MARKEX'SCCNNNDDIIIIIVVVVVVVVVVWWWWWWWWWWWWWWQQQQQQQQQQQQQQQQQQQQQQQQQQQQQQQQQQQQQQQQQJJJJJJJJ<eos>
125,AS ET''MX__N_.YYLLLLIIIIUU''XXXXXPPPPPPPPPPPFFFCFFFCJJJJJJJLJJLLLLLDLLLLDDDLLVDDVVVD<eos>
126,ACTRU_Y_WYMMMMMSSS'''GGGJJJJJJYYYYYYKKKKKKKKKLLLLLMMMMMMMMQQQQQQQQQQQQQQQQQQQQQQQ-------BPDD<eos>
127,+HE STRANY_L''''Z'LLLLLLWWWWWWWWVVVVVVWWWWWWVVVVVVVVVVVVVVVVVVVVVVBBBBBBBBBBBBBBBBBBBBBBBBGGGGGGGGGGGGGGGGGGLLLLLLLLLLLLLLLQQQQQQQQQQQQQQQQQQQQQQQQQQQQQQQQQQQQQ<eos>
128,I.SAEBBBBD_PP_____PPPPPPOOOOWWWWWWWBBBTBBMMGGGGGGGGGGGGGGGGGGGGGGGGGGGGGGCCCCUCCUCCUCCCCCCCCC<eos>
129,STORIZZ''FH+LLLWWWWWWKKKKKXXXXXXXXXXKBKKLLKGKGGGGGGMMMMMMMMMMMMMMMMHHHHHHHHHHHHHHHHHHHHPPPPPPPPPPPPPPPPPPPPPFPPF<eos>
130,MR. BERYYYHHAPPPPPPPPPPPPVVVVVVVVV'SSSSSSSSSSSSSSUFSFFFFFFFFFFFFFFFUNTINTNTINLCLLCLQCQLL<eos>
131,HE SAZ''Y<sos>CKKKKKKKCJJJ_TTTTTTTTTTTIIIIIIIUUUUUUUUOOROVVVWWWWWWWWBBBBBBBBBBBBBBBBBBBBBBBBLLLLL<eos>
132,NOBODYYY''''''''''SSFFFFFFFFFFFFFIIWWWWWWWWWWWWWWWIWQQIQQIQQIQQQQQQQQQQQQQAQQQCCQCC<eos>
133,THE CEN'OVVVVPPPDDDDDDDDIIIMMMMMMMMMMMMMMKKKKKKKKKKKKKKKKKKKKKKKKKKKKKKKKKKKKKKKKKKKKKKKKKKKKKKKKKKKKKXXXXXXXXXXXXXXXXXXXXXXXXXXXXXXXXXXXXXXXXXXXXXXXXXXJJJJJJJJJJJJJJJJJJJJJJJJJJJJJJJGGGGGGGGGGGGGOOOO<eos>
134,DO+BLZ-QU.TE WH'JSSKKGKKKKKCCCMMMMMMMMMMMMMMMMKKKKKKKKRRRRRNNNNNNNNNNNNPPPPPPPPPPPPP<eos>
135,JHAMRRUXK_P______FFFFFFFFFFFFWWWWWWWWWWWWWDDDDDDDDVVVVYYYYYYYYYYLYYLLLLLLLLLLLLLLLLLLL<sos>LLLLZLLZL<eos>
136,AND THE PRESCCCRTRYYYYYYWWWWWIMMIMMMMOQQQQOOOIIFFFFFFFFFFFFFFFFFFFMMMMMMMMMMMMMMMMMMMMMMMMMMMMMGMGGGGGJJJGJGGJJG<eos>
137,J+BBR____UUUU_UUU_'ZAAAAAA''LLLLTTNNNNNNNLLLLLWWWWWWWYYYYYYYYYYYYYYYYXX XXFFFX.M<eos>
138,STERLLNG_FFFWWWWWWW_WWDDDDDDDDDDDDDDDCCCCCCCCCCCCCCCOCCCOCCFOOCPOFFFFFFFFFFFFFFFFFFFFFFKKKKKKK K... XXXHXXHXVXXVVXVVXXVVMMMMMMM<eos>
139,A Y..Z.B.SZBBZBZZZYYYYYYYYYYYYYYWWWWWWWWWWWWFFFFFFFFFFFFFFFFFMMMMMMMMMMMMMMMMMMMMMMMMMMMMMMMMMMMMMQQMMQQQQKKKKKKKKKKKKKKKKKKKKKKKKKKKKKKKKKKCCPPPPPPPPP<eos>
140,ON FLRCCTIIMALLLYYYYWYYWYYYYYYYIIIIIIGGGGGBB''''''HHHHHHZZZZZZZ<eos>
141,BUT H<sos>VIGG'_____RR_RRRR_EORFROOPPPPPCCSCSSSSSSSSSSWWWWWWWWWWWWWWWNNNNNNNNMMMMMMMMMMMMMMMRRRRRRRRRRRRRRRRRRRRRRRRRRRRRRRRRRRRKKKKKKKKKKKKKKCCCCCCCCQKCFKCFKC<eos>
142,MHIS SX....YYYYYJDDDDDJYYYYYYYYYYYYYYJJJJJJJJJJJJZZZZZZCCCCCCCCCCCCCCCCCCCCCCCCCCBCBBBBB<eos>
143,INSTSD_M_....YYYPPPPPPPPWWWHJJJJJJJJJJJGGGGGGGHGHQQQQCQQCCCCCXCCCCCCCCCCCCCCCCCCCCCZZZZZZZZZZZZZZZZZZZZZZZZZZZZZZUUUUUOUUOOOOOOOOOOOOOO<eos>
144,FOR TWE JWENN_M__MMMMMKKKKKKKKKKKKKKXXXXXXXXXXXXPPPZPZZZSSSSSSSSSSSS.MMMMMMMMMLLLLLLLLLLLLLLLLLLLLLLLLLLLLLLLLLLLLLLLLLLLLLLLLLLLLLLLLGGLQQQLQQQQQQQQQQQQQQQ<eos>
145,AND BEISZCCCMMMMMMMMMWW''WWWW''''''KKKKKKKKKKKKKKQQQPXXPXXPPPPPPPPPPPPPPPPPPPPPPPPPPPPPPP<eos>
146,TH_ SPOKEBMAN''DDDDDIDYIILLLLLLYYYYYYYYYYYWWVVVVVVVVVVVVVVVVVVVVVVVVCCCCCCC-------J-GJ-GJ-GJ-GJJJGJJJJGGJJJJJJJJJJJJJJJJJJJJJJJJRRRURRRFFRFFRRFF<eos>
147,U. S.'WOR___PHHHHHHLLCCCCCCCJJJJJJJJJYYYYYYYYYYYYYYYYYYYYYYYYYFFFFFFFFFFFFFFFFFFFFFFFFFQQQQQQQQQQQQQQQQQQQQQQQQQQQQQQQQQQGGGGGGGGNNNNNNN<eos>
148,WE'HORMR  JNNMMNMAAAABBBBTPPPPPPPPPPPIIIQQQXXXXXXXXXXXXXXQQQQQQQQQQQQQXXXXXXXXXXXXXXXXXXFFFFFFFFFFFFFFFFFF<eos>
149,UZ S.'XPPRK___WWWWWMMMMMMMMMMMMMBBBBBBBNNNNLLLLLLMMMMMMMMIIIIICCRCCIC<eos>
150,IF ITWZAONASHNHAAAAAAAAAHHHHHRHRRRRRWWWWWWWXXXXXXXXXXXQQQQQQQQQQQQQQQQQQQQQQQQQQQQQQQQQQQQQQQQQQQQQ<eos>
151,DOCBLZ-QUOTE I'TAHKNVVVSSSSSHYGYYJJJJJJJJJJJJMMMMMMMMMMMMMMMMMMMMMMMMMMMMMMMMMMMMMMMMMMMMMAAAAAFRRFRFRFRFVVRFPVPPPPPRFFP<eos>
152,THE DEAVL__FF___ZZZSSSSSSSBBBBYYYYYYYYYYYFFFFFFFFFFOOOSUBBBBBBBCBBCXXXXXXXXXXXXXXXXXXXXXXXXXXXXPXXPXXQXXNPPJJN<eos>
153,THE COMPANY ALS.DDIFFFFFFFFFFFWWWUWUWUZWRRRRRRRRRRRRRRRRRVVVVVVVVVVVVVVVVVRRRRRRRRRRRRRRRRRVRVRRURURU-RUU------QQQ-QQQQQQQQQQQQQQQQQQQQGGGQQ<eos>
154,BU- THERE''NGLL_LYY_WWWWWWWWWWWWGGGGGGGKKKKKKVVVVMMMMMVVVVVVVVVSSSSSSCSSCCCCNIICCNN<eos>
155,HE SAID'Y.WUWUUUUUZZZNZZNLLLZLLZZZBBBBBBBBBBBJCCCCCCCCCCCCCCCCCMMMMMMMMMMMMMMMMMMMMMMMMMMMMMMMMMMJJUUUJFFFFFFFFFFFFFFFFFFFFFFFFFFFNNNNNNVVVVVVVXXXXXXX<eos>
156,MR. HNLN'_CCCCACYYYYYYYYYDDDDDNNNNDDYYYYYYTTTTTTTTTTTTTBTBBBBVBBBVVVVVVVVVVVVV<eos>
157,AT FORD_YE____.......WWWWWWWLLLLLLLLYYYYYYYJJJJJJJJJJJJUUUUUUUXXXXUZZZZZZZZZZZZZZZZWWWWWWWQQQQQQQQQQQQQQQQQQQQQQQCCCCCCCCCCCCCCCCCCCCCCCCCCCCCCCCCCCCCCCCCP<eos>
158,N.WEROUS COMMA__ZZ_WWWWPPPPPPPPPPPPPDJJJJJJJJJJJJJDDDDDDDDFFFFFFFFFFFFFFFVFVVVVVGQQGQQBBBBBBBQBQBBQBXQBKB<eos>
159,HE IOWLJ____'SSSSSCCSCISINNTTTTOALLOOPPPPPPPPPPPPPPPBBBBBBBBBZZZBZZZMMMMMM....KMK.K.KKKYYY<eos>
160,HE IOS 'AIKKNG_BB_____TTTTTTTTTCMMMMMMMMMMMMMMMMMJJJJJJJJJJJJJFFFFFVVVVVVVVVVVVVVVVVVVUVUVUUUUUKUKUKKQKKQQQQKQQQQQQQQQQQQQQQQQQQQPQQPP<eos>
161,BUT THE OLLA''WGNGVVPPPPPPPPPPPPPPPRRRRXXXXXXXXXXXXXXXXXXXXXXXXXXXXXXXXXXXXXXXXXXXXXXXXXXXXXXXXXXXXXXXXXXXXXXJJJJJJJJJJJJJJ<eos>
162,+PPOSITION FRRMEND________ZZZLWLLWWWWWWTWWWTTWUTUUUTLLLLLLJJMMMMMMMMMMMMMMMMMMMMMHHHHHHHHHHHHHHHHHHHHHHHHHHHHHHAAAAA.............K.KKKKKKXXXXXXXXXXXXXXXXXXXXXX<eos>
163,HE WAS DRFFIFR_PYYYY_ZZZZZZXXXXXXKCPPPPPMPMMMPMMPMMMMMMMMMMBBBBBBBBBBBBBBBBBBBBBBBBBBBBBBBBBBBYYYYYYYYYYYYGGGGGGGGGGGGGGGGGGNNNNNG<eos>
164,G.NERALY___FF_SSS''''''ZZZYYYYYYYYVVVVVFFFFFFFFFFMMQQQQMTDCD<eos>
165,THAZ'S MORRRR_L__WWWWWWWWWWWKLLJJJJJJJJJJCCCCCCCCYYYYYXXXXXCCCCPPPPPPPPPPPPPPPPPPPPPPPP<eos>
166,HE PRIVALLY INSSSSSSSSZZZZZZZZWWWW.MMMMMMMMMMMMBBBBBBBBBBBTKKKKTTTTTTTTTTTTTTTGGGGGGGGGGGGGGGGGGGGGG<eos>
167,THU FEDURALK'X___SSSVVVVCMMMMMWWWWWWWWWUUBBBBBBBBBBNNNNNNNJJJJJJJJJJJJJJJJJJJJJJJJJMMJMMCMMCMMMCMMMMMMMMMMMMMMMMMMMMMMMMMMMMMMMMMMMMMMMMQQQQQQQQQQQQQQQQQQ----<eos>
168,WHYLE''GGGGJJJGGYGGBTTUCCCCCCCMMMMMMMM.MMM.MMM.MMMMMMMKMKKKKKKKKKKKKKKKKKKHDDDURDRRDTRDRRSRRDRXSRXDSSQPR<eos>
169,THE CLUWBFFFFF_S_A'NNNMMMMMMMMMMMMMMMMVVVYYYYYYYYJJJJXXXXXXXVVVVVVVVV<eos>
170,MR. HUL'''CCCCCCCCSYYYYYYNNNNNNNNNTVVVVVVVTUTUUFUTVFFFFFFFFVVVVVVLLLLLLLVLLV<eos>
171,DOWSZ'SLFFXXXXXFFFFFUBBBBBBBBBVHHHHHHHHHHHKKKKKKKKKKKKCCCCCCMCMMMM..MM.M..M.M...M.M.MM.MMMMMMMMMMMMYMYYYYQIIPPPPPPPPPP<eos>
172,THE AUDIO  NNMMMMMMMBBBBBBSRRRRRRRRRRRRRR'''''L'''''VVV'VVVVVFFFXXXXXXXXXXXXKKKKCKKKKKKCKKKKKKKKKKKKKKKKCKKKKCKKQQQQQQQQQQQQP-<eos>
173,THESC OOE ANN NN  WWWWWWWWWW...MMXXXXXXXXXXXXXXXXXXXXXXXXXXXXXXXXX-----------JJJJJJJJJJJJJJJJGGGGGGGGGGGGGYOYGYUYGGYGGYGGYOGYOYGGYGGYYGGYOYGGGGGGYODPYOYPYODP<eos>
174,BIG D_M__AAAAAAAAAALLLLARRRRRRFFFFFNNXOOOOOOOOOOOHHHHHHHHVVVVVVVVVVVVVSSSSZZZ<eos>
175,THE COMPANY SAVD'DGG__''DDDDDIIIIGIGGGIIIIRRRRRWWWWWWWWWWWWWWWWWBBBZXLZXXL<eos>
176,FERMMA'ZSU__JJJJJJ__DZZBBBBBBBBWYYYYYYLLLLLLLLLLWWDDOOOOOOOOOOWWWOWWHWHHHHHHHHHHHHHHHHHHHHHHHHHHHHHGGGGGYYYYYYYYYYYYYYYYYYYXXXXXXXXXXXX<eos>
177,HIS CORDUNALLLJJJJJGG_VVVVVVVVVVVVVVVVVMMMMMMMMMMMMMMMMMMMMMMMMMMMMMMMMNMMMMMMMMLLLLLLLLLLLLLLLLLLLLLLLLLLYYLYYLYYL<eos>
178,ABVEY_Z_SOFFCCCCCCPPPPFFF_F__J_JJJJJJXXXXXXXXXXXXXMMMMMMMMMSMZSMNSNNNNNNNNNNNNNNINNNNNNNNNNNIINNNNNLNIILNHIIIIIIIIWWIWWWWWWWWWWWWWWWWT<eos>
179,PZREY D_SG___JJJJJJJFMMMMMMMMMCCCCCLLLLLLLL'LLLLLLLLLLLLLQQQQQQQQQQQQQQQQQQQQQQ<eos>
180,WIFH'LL''FFFFFF_FUZZZAASSSSSSSSMMMMMMMMMMVVVVVVVVVVVVSSHHTHHHHHTHHHNNNNNNNNNNNNNNNNNNNNNNNNNNNNNNNNYDNDDDDDDDDD<eos>
181,SNN'EE'JJJ.GG  WPPPPPRPRPRPRRRPOMMMMMMMMMMMMMMMMMMMMM....WWWWWWWWWWWWWWWWWWWVVVVVVVVVVVVVVVVVVVVVVVVVVVVVVVVVVVXFXXXXXXXXXXXXXXXX<eos>
182,+HIFS_'.MM..NMNNNANNNLLLVVVVVV<sos><sos>WWWWWWWWWWWWWWWHHHHKKCCCCCCCCCCCCCCCKRRRRRRRRRRRRRRRIIVVVVIBBBBBBBBBBBBBBBYYYYYYYYYB<eos>
183,THEY FILL_CCMMMAAJJJJWWW_______AMCCACCACCKKKKKKKKKKKXXXXXXXXXXXXXXXXXPXP<eos>
184,HIS M...AAAALLOR__CCC_LWLWWWWWWWWWWWWWTNUUUUFFUUFFFFFFFFFFFFFFFFFTTLLTTLLLTTLLLVTLVVTTTTTTTTTTKKKKKKKKKKKKKKKKKKKKKKKKKKKKKK<eos>
185,THE FIRM'ADDDDDZZNNCCNCCNNCNNNNNCCCCCCCCCCVVCCVVVNNNN''NNXXXXXXXXXXXXXXXXXXXXX<eos>
186,THEY CLANMVD'SZXXIIIDDDDJJJJJJOJMMMMMJJJJJJJJJJJJJJFFFFFFFSSSSSSSSZZZZZZSSZZSZZSZZZZZZZZZGZGGGGGGGGGGGGGGGGGGNNNNNNNNNNNNNNNNNNNNNNNWWWWWWWWWWWWWWWWWWWWWQWQWWWQQ<eos>
187,N+W THEYEHD_D_GGG____HHCCCCCCJUUUU'UU'''''RR''DRRDRRRMMMMMMMMMMMFFFFFFFFFFFFFFFFFFFFFFFFFFFFFFFFFFFFQIX<eos>
188,THE REBOUL'''FFCZZGGGGGWGWWWFFFFFMMMMMMMMMMMMMMMMMMMMMMMJJJJJJJJJJJJJK<eos>
189,IN A SEPAR_D+CCCBUU.........._Y.YYYYYJMCCGGGGGGGWGGWGGJJWWWWLLLLLLLLLLLLLLLLLLLLLLLLLLLVVVVVVVVVVVVVVVVVVVVVVVVVVDBBBDDBBBBBBBBV-<eos>
190,+IIGHKNOWVVVVVVVVVV   CCCCMMMMMMPPPPPPPPPPSSSTTTTTTTTTBBBBBLBLL<eos>
191,YOU''MMAMMMMNMAAAAAALLLLBFFFFFFFFCWSCCSSSSSSSRSPSPP<eos>
192,IN ORDRETTST.YKKKKPPPPDDVVHHHHHHPPPPPLLLLLLLLLMMMMMMMMMMMMMMMMMMMMMMMMMMMMMMMMMMM.............X....XXXX.Z.XXXXXXCXXCXXXXXXXCCXXXXCCXXCCCXXCXCXCXXXXXXXXQ<eos>
193,ECONOKKKKKKGGGGGG.MMMMMMMMMM____R___MHMHHHJHHHJJJJJJJJUUUUUUTTUTTTTTTTTTLTTTTTTTTTTTTTTTTTTTTPTPPVPVVSPVVVVVVVVVVVVVVVVVVVVV<eos>
194,THE COULDIN''''''SDDDDDMMMMMMMIIIIIPPPPPPMMMMMMMMMMMMYYYYYYYYYYYYYYFFFFRRFRRRRRRRRVRR<sos>V<eos>
195,IT' VVVVVVNNNNNNNNCCCCCCCCCWWWWWYYYYYYYLJJZZZZZZZZZZAZZOAOAAAMMMMMMMMMMMMMMMMMMMMMMWWMMMMUUUUUUUUUUUUUUUUUUUUUUUUUUUUUUUUUUUUUBBBBBBBBBBBBBLBGLDGDDXRRPPPP<eos>
196,NOW COMMA QUEVVVV_R_____J_BJJJBBXXXXLLLLL.......HFFHHFFFFFFFFFFFFFFFFFFFFFFFFFFFFSSSSSSSSSSSSSSSSSBSSBBBBBDDDDDDDDP<eos>
197,IF THE SOVIEZ'_DDDDCCCJCJNNNNNNMMMMMMMMMMMMMMMMMMBWBBBUWUUUURRRRYYYYYYYYYYYYYYYYYYYYYYYYYLYYLLLLLLL<eos>
198,AS THE_POPULIITDYYDDYYYYYY......JJJJDDDDDDDDDDRDRDRVVRWWWWWWWWWWWWWWWWWWWWWMCCCCCMMMMMMMMMMMMMMCCCCMMMCKMGXG<eos>
199,TH_ EXPANDD_RCCLLLWWWWWSSSOSOOOOMMMMMMWWWWWWWWWWWW......FFFFFFFFFFFFFFFFFFFFFFFFFJJJJJJJJJJJJJJJJJJJJJJJJJJJJJJJGGGJJGGGJJGG<eos>
200,+EHING' S...ZZZ'ZZ_BBBBBBBMMMMMMMMMBMBBBBBBBBBBBBBBAV'VVVVVVVVVVVVVKVVKKKKKKKKKKKKLLLLLLLLLLLLLLKLLLLLLLLLLLLLLLLLLLLLLLLLLLFFFFFFFFFFFFFFFFFF<eos>
201,AS 'TTUCC+MMMM_I_________JJJJJJJJJJJLLLLLLLLLLLKRKKKKRKKORRRKORRRROORRRFFFFFFFFFFFFFFFFFFFFFFFXXXXXXXXXXXXXXXXXXXXXXXXXXXXXXXXXXXXXXXXXXXXXXXXXXBBXQBBBBBBBPPBBPPPPPPPPPP<eos>
202,THES' IS.'ZZZZZY..IIIIIIIIIIAAAAAWWWWWXXXXXXXXXXXXXXXXXXXXXXXXXXXXXXXXQQQQQQ---------------------------<eos>
203,MR. BEYYYYHDVPPPPSPPPPPPHHHHHHHHHHS''''XSNSAAAANFFFFFFFFFFFFNNNNNNNNCNCCCCCCCCCCCCCCCCC<eos>
204,MR. SEBONA'''DDDDDDDDLLLYYYYYYYYYHHHCCCCCCCCCCCCCCCCCCCCCCCCCQQQQQQQQQQQQQQQQQQQQQQQQPPPPPPPPPPPPPPPPPPPPPPPPPPPPPPPPPPPPPPPPPPPPPPPPPPPPPXXXXXXXXXXXXXXXGGGGGGGGGGGGGGGGGGGGGGGGGGGJJJJJJJJJJJJ---------------------------------------------GGG<eos>
205,THEYE'ARO ICCCCCC__SSSSSSLLLLLLLLLLLBBBBBBBBBBBMCMMMMCCCCCCCCQQQQQQQQQQPPPPPPPPPPPPP<eos>
206,ANGERD TLUCCOUUOFFFFFFFFLSFLVVVVVTHHHHHHHHHHHHCCJJJJJJJJJJJJJJJJMMM.MMMMMXXXXXXXXXMXXXXXXPZMPPPPPPPZ<eos>
207,WE'L VVVV__IGGGGGBBBTTTTTUUU.......QQQQQQQQQQQQQQQQQQQQQQMMMMMMMMMMMMMMMMMMMMMMMMMMMMMMMMMFMFMFSFFFSSSFFSSSFFSSSFSSSSSSSSSSSSJDDJDDJ<eos>
208,THE ACKUWAS'''UUUUUULFFFFFFFFFYYYYY..YYMMMMMMMMMMMMMMMMMMMMMMLLLMLLLLLFFFDDRDDDPPPPDPPDD<eos>
209,J. ZZZZZSZYSJJJJLLLLLLLHHHHHHHHHHHHHSSSCCCCCCCBCBBBBBBFFFFFFFFFFFFFFFVVVVVVEEEEEEEEXXXXXXXXXKQQQQQQQQQQQQ<eos>
210,IN MOST CAZE''''''HLLWWWWWWLWLLLLLLLLLYLYYYYYYPPPPPPPPFFPFFFFFFGGGGGGGGGGGGGGGGJJDJJDGJD<eos>
211,EARLYY'_WWKKCMMMM...JJJJJJJJJDDFFFFFFFFFCCCCCSSPPPPPPPPPPPPPP<eos>
212,THEY'JISCW_IIIIFFFF       OOOOOOOOLCXXXXXXXXXXXXXXXXXXXXXXXXMMMM<eos>
213,THE S.AKE CHIMBR_O_____W_____WWWWWXXXXXXXXXXXXXXXX...F.FFFFFFFVVVVVVVVVVVVVVVVVVVVVVVVVVYVVVYYYYYYYYYYYYYYYYYUUUUUUUUU<eos>
214,+. Z''ZSZZSSJJJJJJLLLLLLLLLLHHHHHHHHHHHSSSSSSSSWWWWRRWRRRFFFFFFFFFFFFFFFFBRBBRRBBBBBBVVVVVVTTTTTTT<eos>
215,WHIGHK...R_____RARRRRRRVVVVVVVVVVSBBBQQQQQXXXXXXXXQFFFFFFFFFFHHHHTHHHHHHTHHT'AT''T'CN'NNNCNNNNNNNDODDODDO<eos>
216,WHYY..BB..SSS''MMMMMKCCCCCKCCKKKKQQQQQQQQ-------------------DTDPPPPDDPDPPDPP<eos>
217,THE COMPANY'DEQLI___W_RRRRRRRRRRRRRRRSSLLLLLLLLLSSLLLXXXXXXXXXXXXXXX<eos>
218,THE WORKIGG'P__P___''''SSSSSSSFSSSS.....ZZYYYYYYYYYYYYYYYYYYYJYJJYJJJJJJJJJJJJJJJJJJJJJJ-J-J---------------------J-J-JJ-JAJJADADJADADAADADANB<eos>
219,THE BUND''_PSSSSMMMMMPPPPLILLLLLLLLLLLLLLLLLLLLLMMMMMFFFWFFFFFFFFFFFFFF.............................AKAARRKRKVRJVVJVVJJVVJJJJJJJJXXXXXXXXXXXXXXXXXXXXXX<eos>
220,P.OLLL_____ZZZZZ''''''MMMMMMMMMMMM'VVVVVVVVVVVVVVNNNNNNNNNNNNNNNNNFFFFFFFFFFFFFFFFFFFFFFFCFIFCCF<eos>
221,I'LIDG GG_____UUUCCCCCCFFFFFFMMMMMMMRMXXRSSSTSSTSSTSSZZZZZSZNNZXPPPPPPPPPPPP<eos>
222,ANZEELLLS_____WW'WWWW''HTHHHHH_HHHD_MMMMMMMMMMMMMMMMMMMMPBBBBBBBHHHHHHHHHHHJJJJJIJIIIIIIIIIIGGIGGGG<eos>
223,BUT COMMAYH.GG'JJS.._-----------_KKKKKPPPPPPPWWWWWWWWWWWWWWWWWWWWWWWWWWWNNNNNNNNNNNNNNNNNNNNNNNNNNNNNNNNNNNNNLLLLLLLLLLLLLLLLLLLLLLLLLXXXXXDDDDDDDDD<eos>
224,WE'JIST CUACCU__Z__IIIIAKKMMMMMMMKMMKMMMMMMMRRRPPPPPPPPPPPPPPPPPPPPPPPPPPNNNNNNNNNNNNNNNNNNNNNNNNNNNNNNNNNNNNNNNNNNNNNNNNNNNNNNNNNNNNNNNFFFFFFFFFFFFFFFFFFFFFFFFFFFFFFFFFFFFFFFFFFFFFFFFFFFFFFFFFFFFFF<eos>
225,WITH TRITY ILLLLLLLLLLLLLLCMMMMMMMMMM.MMMMVVVVGGGGGGGGGGGGGGGGGGGGGY.........................JJJJJJJJJJJJJAJJJAANFFFFFFFFFDKDPKKKPPPKP<eos>
226,LAST WEEK COMMMMP+URVVVVVVVVVGGGGGGGRNRRRDDDDRDDDRRRRRRRRRVVVVVVVVVVVFFFFFF.................................................XXXXXXXXXXXXXXXXXXXXXXXNNNNN<eos>
227,+OT OL'LL_DDDD_ CCCCXXXXGGGGGGGGGGWWWFFWWWWFFFFFFFFFFFFJJFFFJJFJJFJSSSSSSSSSSSSSSSSSSSSSSZZZZZZZZSZZZZZZZZZZZHHHHWWWWRRRRRRHRRRRRRRRRRRRRRRRRRRRRRRRRRRRQQQQQQQQQQQQQQQQQQQQQQQQQQQ-<eos>
228,THE LONDCH_GPPPPFFFFRRRRRRRRRRRRYRRRRRR....BBBBBBBBBBBBBBBBBBBBBBBBBBBBBBBBBXBBBBBBBBFFFFFFFFFBBBBBQQQQQBQQQQQQQQQQQQQQQQQQQQQQQQQQQQI<eos>
229,WHAT'HIGGG...YPUYYYYYYVVVVVVVVVVVVVV FJJTTTMMMMMMMMMMMMMMMMMMMMMMMMCMMMMMMMM.MMM.MMMMMMMMMMMMMM........OXSXSXXSXX<eos>
230,SHOW. MR_AAAAALLLPPPPPP''IIIIIIIIIFYYYLXXXXXXXXXXXXQ<eos>
231,THE RIZOLDMMO.PPPPPPPPPC--XXXXXXXXXXXXXXXXXX<eos>
232,IT IS'AUPLLUJAGGGGMMMMMMMMMMJJJJJJJJJYYYYYYYYYXXXXXXXXXXXXXXXXXXXRXXX<eos>
233,AND VEBY....YYYYGGGGGGGGGGWWWWWWWWWWLLLLLLLLLLLL'FSSSSSSSSSSSSSSSSSSSSSSSSSSSTTTTTTTTTTTTTTTTTFFFFFTUUUURUUUURUUUUURUUUURRRRUCUCRCCCR<eos>
234,SO +FLLNNLL_WWWWWWYYYYYYYKKHHHHHHHHHH'BBBBBBBBDDDDDDDDDDDDDDVVDVVVVVVVVVVVVVVVVVVVVVVVVVVV<eos>
235,THE OTHER IS'AAWWWWSSWASAAAAAPPPPPPPPPPPPBBBBBBBBBBBBBWWWWXXXXXXXXXXXXX<eos>
236,DO+BLZ-QUOTE IHIR''FWSSSSVVSSSSSSSZZZSSCWWWCGNNJNNJJJJJJJJJJJMMMMMMMMMMMMMMMMMMMMMMMMMMMWWWWWWWWKKKKKKKKKKKKKKKKKKKKKKKKKKKKKKKKK.KK.KK.K.K.KK.AXKXXAXXPPPXPPPPPPPPPPPPPPPPPPPPP<eos>
237,TH_ MONEYY'G PPUU_PP_PIISSSSSWWBBBBBBBBLLLLJJJJJJJFFFFFJJJJJJJJJJJGJJ.............................CCCCCCCCCCCCCCCCCACCCQCCQACCQQCQ<eos>
238,IF JYNETEEK'AAACCCMMAMFHHHHWLLWW'''''WWW''JJJJJJJLLJLLMLZZZXPPPPPPPPPPPPPPPPPPPPPPPPPPPPPPPPPPPPQQQQQ<eos>
239,T<sos>E SHUDOLLWWBBBBYFFFFFFFFFFFFFFFFFXXXXKNNNNNNNNNNNNNNXXXXXXXXXXXXXJJJJXJJJJJJJJJJJGGJGGQGQQQQQQQQQQQRPZ<eos>
240,EVEN APDL______FFFFFFFFFFTTTTTTXXXXXKXXCCCCCCCC'''CMMMMMBBBBBBBBBBBBBBBBBBBBBBBBBBBBBB<eos>
241,WHCK JNE....PPTUUUUUYYYYYJYVVVVVVVLLLLLLLLLLLLLLLLLLLLLLLLOFFFFFFFFFMMMMMMMMMMMMMMMMMMMMMMMMMMMMMMMMMMMMMMMMMMMXXXXXXXQXX<eos>
242,BR_ITISHUPL_MKKKKKKKK''''''''''WWJJJJJJJJJNNNNNNOOOOOONLOOOOOOWWHHHHHHHHHHHHHHHHHHHHFFFFHFFFFFFFFFFFFFFFFFFFFFFFFFFFQQQFQQQQQQQQQQQ<eos>
243,ABOUT ONEPPPFFFFFFLLILLLLLLLLLL___SSS'''''''''''''''''RRRRRRVVVVVVVVVVVVVVVVVVVVVVVVVV<eos>
244,IN SOME HNCTCZTCCCCCCC.AAAAAABBBBBBBBBBBBHHUUUUUJJJJJJJJJJJJJJJJWWWWWWWWWWWWWWWWWWWWWWHHLLLLLPLPPPLPPPPPPPPPQQQ<eos>
245,AFTERTHR YHYHHPHPPPPPPPPPMMMMMMMMMMMMMMMM'''BBBBBBBBBBBBBBBBBBLLLLLLLLLLLLLLLLLLLLLLLLLLLLLLQI<eos>
246,HOWEVER INII__T_TT__KKKKKK''JLYYYYYYYYYYYYYYBB........SSSSSSSSZZZZZZZZZZNNNNNNNZZZZZZZZZZZZZZZZZZZZZZZZZZZZZZZZZZZZ................GGGGGGGQQAQQAQQQQQQQQQQQQQQQQ<eos>
247,HE AADMBBZIIIIIVVZVZZZZZZSSWWWWWWIIIIIOOIIIPPWPPWFFFFFFFFFFFFCCTTCFCTTCLCFCKTCLCL-C-C-C<eos>
248,THIS ALLODDP_PPPP_M_MMMMMMMMRRRDDDDDYYYNNNNNNNNNNNQQQQQQQQQQQQQQQQQQQQQQQQQQQ<eos>
249,T<sos>E SHURAW_______GGINNNNINMIMMOPFFFFFFFFFFFFFFF.ZZZAAAZZZZZAANNNNNNVVVPPPPPPPPPPPPPPPXXXXXXDD<eos>
250,THEYGAIKS'NNQUDDODO_WWWWWWDWDDDDNNNMMMMMMMMMMQMMCCMMCCCCCCCCCCCCCCCCCCC<eos>
251,P.TER AFF_____XXXXX''.....KK..YANNAWWWWWWWWHHHHHH''VVVVVVVVVVVVVVVV<eos>
252,THE FIRM'SADDDDDDOOOOCLOOONNOOOOCCCCCCCCCCCCCCCCLLLLOOOOWOWWWGGGJG.G.GG.G<eos>
253,DO+BLE-QU.TE THIS'JCZRZARWFFFFFFCCCMMMMMMMMMMMMMMMMMXXXXXXXXXXXXXXFFFFFFFFFFFFFFMVMMMWMWWWWWWWWMMYMYYMYMMMYGGGGGGGGGGGGGKGGG<eos>
254,I+DRECENT WEEKS<eos>
255,THE WORIZI'   UKKKCCCCCCCCCCCSSSXXXXXXXXXXXXXXXXXXXXXXXXXXXXXXXXX-------------------------<eos>
256,BUT SOM. MAYVVEVVER__FFFFFFKFFFFFIFFFFFFFNNNHXXXXXXDDCCLCCCCCCCCCCCCCCCCCCCCCQGGGQGGQGQGGPPPPGPPPPP<eos>
257,BUT I''WAZN'___MMMDEYYLLYLYYYYFFFFFFFFFFWWWW.KKKKKKKKKKKKKKKKCCCCCCCCCCCCCCCGGGCGGGGGGGGGGGGGGGGGGGNNGNPNGOPN<eos>
258,LAST HYPKENNNN+++NN+NDDDDDDNDDJDJFDFFDFOOVVVVVVVVVVVOOOOFFFFFFFFFFFFFFFGGGGGGGGGGGGGGGGGGGGGGGGGGXXXXGXXXXXXXXXXRR<eos>
259,NOU EVVER___BBB__BDDDDDDDHHHHHHHLLLLLLLLLLLLCCCC<eos>
260,THEYE'ARV_GGGSSSSSMSMMSSSSSSSSSSSCMMMMMMM...NN.NNNWNWWWWWWWWWWWWWWWWNNNNNNNNNNNNNNNNNNNNNNNNNLLLLLLLLLLLLLLLLLLLLLLLKKKKKKKKKKJJJJJJJJ------------------------------F--F--F-<eos>
261,THE WARMMIGGG_DDDDYDDDDDDDDDDD'''''''KKK''VVVV''''''''ZZZQCCCQQQQQCCCCCCCCCCCCCCCCCCCCCCCCCCCCCCCCCCCCCCCCCCCCXXXXXXXXXXXXXXXXXXXXXXXXXXXXXFFFFFFFFFFFFFFFFFFFFFFFFFFFFFF<eos>
262,THAN ISLLEOOVVVVOONNNAAGGGGGGFFFFFFFFFFFFFFPCCCCCCCCCCCCMMM------M--MMMM--MMMMMMMMMMMMMMMMMMMMKKKKKKKKKKKKKKKKKKKKKKKKKKKKKKD<eos>
263,THALEWWIBBBAUUAFFFFMFFFAAJJJJJJJJJJNNNNNNNNNNNNNXXXXXXXXXXXSSSSSSSSSSSSSSMMMMMMMMFFFFFFFFRRRDQQRQQQQQQQQQQQQ-QQQ-QQQ<eos>
264,THIS YS EXEEXFLULUYUUWWWWWWWWKKKKKKKCCCCCFCCCCCCCCCCCCMMCMM.M.M.MM.M.MMCMMMMMMMMMMMMMMMMMMMMMMMMMMMMMMMMMMMMMMQQQQQQQQQQQQGQQGQGQ<eos>
265,THUS'A'''ORD_RRRERRRVRRWWWWWWWWWWWJJJJJJJJJJJJPPPCPCCCCCCCCCCCCCCCCCCCCCCNCMMMMMMMMMMMMMMMMMMMMMMMMMMMM.MMMM...........B..YBBYBBBBBBBBBBBBBBGGGGGGGGGGG<eos>
266,RESPONCE'TTH BBBBBBBIIIIIIIIIIHHHHWWWWWXXXXXXWWWWWWWWWWWWQQQQQQQQQQQQQQQQQQQQQQQQQQQQQQQJJJJJJJJJJJJJJJJ<eos>
267,SEDTDAIN_'__CHHHHNNBBNNNNNNNNNN'KKKKKKKKMMMMMMMMMMBMBMMMMMMMMMMMMMMMMMMMMMMMPPPPPPPPPPL.PP.PPPP.PPLL<eos>
268,THE CONSULJIM'''''''DDZIIIIIIIIIIIIIIIIIAAPPAAYYYYYYYYYYYYYYYYYYYFFFFFFRFRFRRRRRRRRRARRGGDG<eos>
269,BUT D.+L'''AAAAAYAYAYYYYPPPPPPPPPPPIRP''XXXXXXXXXXXXXXXXXXXXXXXXXXXXXXXXXXXXXXXXXXXXXXXXXXXXXXXXXXXXXGGGGGGGOOOOOOOOOOOOOOEEEEEEEEEEEEEEEEEEEEEEE<eos>
270,I'MNOTTEALLL_YYYPPWWWWWWWWWLLLLHHHHHHHHHHHHQQQQQXXXXXXXXXXXXXXXXXXXXXXXXXXXXXXXXXXXXXXXXXXXXXXXXXXX---<eos>
271,ABLE'S'TWE UJJDD_Y_UZUZZZZZZZ'XXXXXXXXXXXXXKKKKKHKHNNNNNNNRRRRRPRRPPPP<eos>
272,PENSZOOI HHHBBBBBB___DGGGGGGGDDTLLLLLLLLMMMMMMMMMMMMVVMMVMMVVVVVVVVCVC<eos>
273,STRONN IMPP_______HVVVVVVVV.......................JJJJJJJJJJJWWWWWWWWWWWWWWYYYYYYYYYQQQQQQQQQQQQQQQQQQQQQQQQQQQQQQQQBBBBFFFFFFFFFFFFFFFFFFFFFFFFFFFFFFFFFFFFFFFFFFF<eos>
274,BRITISHCCPPPA_______XXXXXXXZZZZNCAAAAAAACAAAHHHHHHHHHHHHLLLLQLQQQQQQQQQQQQQQQQQQQQQQQQQQ<eos>
275,HE HADBBBNNZVVVVVVZZ____WWWWWWWWWWWIIIPPPPPFPFFFFFFFFFFFFFFFFFFFCCCCCCCCXXCXCCCCCCCC<eos>
276,ABOUT ONNCCCCFFFFFFFFFFLLLLLLLLLLLLLL__''S'SSSSS''''''''''''HRRRRYYYYYYYVVVVYVV....K.PPPP<eos>
277,IT WELL'SLL___VVVVDDAAAAAAAARRRR_KKKKKKKKKKKQQQPPPPPPPPPPKKKKKKKKKKKKKKKKKKKKKKKKKKKKKKKKKKKKKKKKKKKKKKKKKKKKKKKKKKKKKKKKKKKKKKKKKK-----JJJJJJJJJJJJJJJ<eos>
278,SEPARALLL_L_MMMMMMMI'''''''''VVVVVVVVVVRV  CCCCCCCCCCCCCCCCCCCCCCCXXXXXXXXXXXXXXXXXXXXXXXXXXXXXXXXXXXXXFXFXXFFFFFXFFFFFFFFFFFFFFFFFFFFFFFWFFFWWFKKKKB<eos>
279,BUT IFFFFF_LL___SMASSSSSSSSCCCCCCCCCCCCCWWHHHHHHHH.........YYYYYYYYYYYYYYYYYYYJJJJJJJJJJJJJJLLLLLLLLLLLLLLLLLLLLLLLLLLLLLLLLLLLLLLLLLLLLLLLLLLLLLLLLLKKPPPPPPPPPPPPPPPPPPPPPPP<eos>
280,INSTEDDYB.YFVVVVUUUUUJUJUJJXXXXXXXXXXXGGGVVVVVVVVVHHHHHHHHHHHHHHHHHHHHHKKKKCKCKKCCLLLLCLCLLLCLCLLCLCLLLLLLLLLLLLLLLLLLLLPPPPPPPOPPPPPPPP<eos>
281,THE PLYN_WAS'D'SGGGVVVVFFFFFJJJJJJGGOGOQCQCCCCCCCCCCKKKKKKKXXXXXXXXXXXXXXXXXXXXXXXBBBBBBBBBBBBBBBBBBBB<eos>
282,THE F.YON'GGGGGGA__ACCCCCCCCCCCCCJJJJJJJJJJJJJJJJDVVVVVVVVVVVVVLLLLP<eos>
283,ANDHY ...SEVVV__WWWWWWW''W''RDDDRDLLMMMMMMMMMMMMMMMBBBBBBBBBBBBLLUUUULGLJGJJJJLJGGGGGGJ<eos>
284,THE COMPANY JF.DDUUJJFFFFFFFFFWDWWZZZZLLLLLLLLLLLLLLLLLLLLLLLLVVVRRRRRRRRRRRRRRRRRRRRRRRR--------------------------------------Q--Q-QQQQGXGXXXXXGX<eos>
285,IF JANYWW__HHHHHHHHHBBXXXKKKKKKMMMMMMXXXXXXXXXXMMMMMMMM....ZSSZZZSZZZZSSSSSSSSSSSSSHHHHHHHHHHHHHHHHHHHHHHHHHHHHHHHVVVDLLLLLLLLLLLLLLLLLLLLL<eos>
286,IN SEPTMMBB___T+++.YYYYYYYYYYYYY.XXXXXXXXXXXXLLLLLLLLLLLLLLLLLLLLWLWWWLVVVVVVVVVFVFVVFFVFFFFFVFJFFFRFRRJFFORFRFFRRJJDCRDCRDCR<sos><eos>
287,BUT 'COOZZ__S____________JJJMMMMMVVVVVVVVVVVVVVVVNLNLLNLLLLLJJJJJJJJXXXXXJMMMMXJMMM..............................QQQQQQQQQQQQQQQQQQQQQQQQQQQQQQQ---------<eos>
288,STRNUGR PMMMMLLLLLLLKKKKKKHKLLLLWWWWHHHHHHHHHHHFXH FXXXX   A  WADA<eos>
289,IN A.LLOCKLPPP_TT_MMMMMUJJJJJJJJJJJJJJJJJJJJDDDDDDDDDDDDTDDDTTDTTTTSSSSSSSSSSSSSSSSSSSSSSBBBBBBWWWWWWWWWWWRRRRRRRRRRRRRRRRRRRSRRRRRRRRRRRRRRRV<eos>
290,BUT NOWLMMMMCCCCCCCCCP'''''''''''''MMSISSSSIISISSSSSPPPPIIIIIIIIIIIIRRRRRRRRRRRRRRRRRRRRRRRRRRRR<eos>
291,THE BIGKINN_NN__AANLLLLLLLLJJJJJFUFFJJLLLLLLLLLLKKKKKKKKMMMMMMMMMMMMMMMMMMMMMMMMMMMMMMM'''SSSSSSSSZZZZZZZZZZ<eos>
292,SOYDYIGJJJJJ______DQQQQQQCQCMMMMMMMWWWWWWWMVVVVVVVVVVVVVVVVVVVVVVVVVFFFFFFFFYFFFYFFFYFFYYYYYYYYTYYTY.TY.TY.TY.TY.TYHTHHTHHTHHTHHTHHTHHTHHLLHLLLLLLLHALLAAAALLLLLAAA<eos>
293,HONDWWA'D''D__T_TT OO'OO'''''MMMMMMMMMMMMMMMMVVVVVTTRTTYRYYPYYYPYYPPYPYPPPPP<eos>
294,B+LLO'''' F FFFFFTHHHHHHHHRRYWWWWWWWYYYYYYYYHYHHHHHNNNNNNIIIIECCC<eos>
295,VERITIOUPP____KKKKKK'''''''''''''''JCCCCKKKKKKKKKK.................MM.MMMMMMMMMFMMFFFFFFFFFFFFFFFFFFFFFQQQQQQDQQQQQQQQQQQ<eos>
296,THEY'_'ALL____MMMMMMMMKKKKKXXXXXXXXXFFFFFFFFFFFPPPPPPPPI<eos>
297,SO 'HAHLLLLL____________WWTTTTFFFFFFFFMMMMMMMMMMMMMMMMNHNNNNNNNNNHNHYYGYYYLLLPPLLPPPLPPLQPPGPPL<eos>
298,THE VERY_G.D.....MMMMMJJYJJJJJJJMMMMMMMMMKKKKKKKKKKBBBBBBBYLLLLLLLLLLLLLLLLLLLLLLLLSSSFSSFFSSFSSSXXPPS<eos>
299,THESE'DUDVVR____FFF   LLLLLLLLLLLLDLLWWWWWWWXXXXXXXXXXQQQQQQQQQQQQQQQQQQXXXXXXXXXXXXXXXXXXXXXXXXXXXXXXXXXXXXXXXQQQQ<eos>
300,HE ANOTTER'U.'SZS___________Z_ZZSSSSMMMMMMMMMMMMMMMMMMMMMMMMMMMBBBBBBBBBBBBBBBBBBBBBBJJJJBJJJJJJJJJJJJJGGGGGGGGGGGGGGGGGGGKPQQQQQQP<eos>
301,ADDS'J.MNINNNNNNNNNNFFFFFFFFFFTTTTTTHTTTHTTHHHHVVKLLLLGLLLLLLOLLLLLLLLQLQQ<eos>
302,THIS'MARKEE IZWWJJJGGGFFFFFNNNNNNNNXXFFFFFFFFFFFFFFFFZZZBVVVVVVZVVVVVXXXXXXXBXXXBXXBXNBCBNCCCCCCCCCNCCCNCCCNCCCNCCCCCCCCCCCQ<eos>
303,SOME I'LAANNLLPPPPHPHHHHHHHHHHHHHHFF'KKXXXXXXXXXXXXXXXXXXQQQQQQQQQQQQQQQQQQQQQQQQQQQQQQQQQQQ----<eos>
304,THE COMPANY'DEQLIS_SSSSSFFFFFFFFFRRRRRRRRRRRRRRRRRR<eos>
305,BUT TO FHH_______MMMMMMMVVYYYYRRRKKKKKKKKKKKKKKKNNNNNNNNNNNNNNNNNNNNNNYYYYHYHHYHYHHHHAGAAAGGGDGGGGGGDGGGDDGGDDDDDDDDDDDVDDDZDZ<eos>
306,BYYVH_N<sos>COMALLLLIG.SS.MMMMMMMMMMMMWWWWWWWWWWWWWWWWWWWWVVFFFFFFFFFFFFFFFFFFFGXGXXXXXGXXXGXCXGCCCCGCCCGCCXX'''JX'J'JJXJJJJJJJJJJJ<eos>
307,THEYKCAN ALLOIVVVVVVVVONNONOOOOOOOOOPPPPPPGGFFFFFFFFFFFFFFFFFFFFFFFFFFFFFFFFFFFFFFFFQQQQQQQQQQQQQQQQQQQQQQQQQQQQQQQQQQQQQQQQQQQQQQQQQQQZZZZZZZZZZZZZZZZ<eos>
308,IT MAY B.B HHHRRUUUUUUUUUUUULLLLLLLLLLLPPPPPPPPPPSSSSSSSWWWWWWWWWWSSFFEFFFFFFFFFFFFFFCCHFHHHHH<eos>
309,DOCBLZ-QUOKE THER'IGS'NFMMJJJJJJJAAAANNNNNNNNNNNNNNNNNNNNVVVVPPPPPPPPPPPPPPPPPPPPPPXPPPPPPPP<eos>
310,AT HOULLD_+PMNN____X_RCCYYYYYY.......MMMIMMMIMINIININNIIINIIIIIIIIIIMMMMMMVMMVVVVVVVVVVVVVVVVVVVBBBBBBBBBBBBBBBBBB<eos>
311,+U_J.J.YZ__SSSCCCCCMMMMMMMMMMMYYYYYYZZZZZZZLLZLZLLLLLLLLLFVVVVVVVVVVVVVVVVVVVVVBBBBBBBBBBBBBBBBBBBBBBBBBBBBBBBBBBBBBBBBBBBBBBBBBBBBBBBBBBBBBBBBBKKKKKKKKKKKKKKKKKKKHKKKKKHKQQQQQQQQQQQ<eos>
312,IT  DONAEEWWWWWWFVVVHHHHHHHHULLLLLLLLLLLSSSSSSSSSSSXXXXXXXXXGGGGGQ<eos>
313,AZ M_. CONDLLL__WWWWWWWWWWYYYYYXFFFFFFFFFFFFFFFTVVVVVVVVVVVVVVVVVVVVVVVVVVBBBBBBBBBBBBBBBBBBBGGGGQG<eos>
314,+PFICAALZ'N_NKKKKKKKKKKKBBBBBBBBBBBHHHHHHGGQQQQQQQQQQQQ.........XN.N.NNUEENRURUURNUUURRUURRRURRRRRURRRRRRRRVRRVR<eos>
315,A.SPOKESM_N FFTRFTHWQQQUUUUYYYRYYLRYYLYYYYYYCCMMMMMMMMMMMMMMMMMMMMMMMMMMMMMMHHHHDDLLLDLLLLLLLLLLLLLLLLLLLLVVVVVVVVVVVVVVVVVVVVVVV-VVVV-VIVVV<eos>
316,TH_ D+++UBKC+M_M---Q-QQ-QQ-QBQBB''''GJJJJVVVVVVVVVVVVVVVWWWWWWWWWWWMMMMMMMMMMMMMMMMMMMMMMMMMMMMMMMMMMMMMMMMMMMMKKKKKCCKCCCCCCCCCCCXCCCRRRP<eos>
317,JOHRD'ZYYYCCKAAATAAT CCCCCCWWWWWWWWWWWWMMM..........PPPPPP..PPP.SSSSSFFFFFFSFFFFFFFFFFFFFFFFFFFFFFFFFFFFFFFFFFNFXFFPPNLNFPNLNL------INL--INLV<eos>
318,THE CIZYZKON+PR__LLLGGGWJJWWWWWWWWWWGJJJJMMM.MMM.MAMMAMAMMMMMAMMMMMMMMMMMMJJJJJJJJJJA..XX...XXL..XLLLLLLLLLLLLLLLLLLLLLLLQFLQFLQFFQFQQFFQQQQBQQBQQQQBBQQBBQQBB<eos>
319,BASKD ONLLL'H_WWKKKKKMMMMMMMMMMMMJJJFFFFFFFFFFFFHCCCCCCCCCCCCCCCCCCCCKKCKKKKKKKKKKKKKKKFFFFFFFFFFFFFFFFGGGGGGGGGGGGGGGGGGGGGGGGGGGGGGGGGGGGGQQQQQQ<eos>
320,CAR''T_______EEEETOENNNNNNNNNNJJJJJJJJJJJJJYYYYYYYYYYYYYYYYYFFSWFWWVWWWWWWMWWWWWWMWWMWWWWMWWWMMWWWMMMMMMMMMMMMMMMMMMMMMMMMMMMMMMMMMMMMMMMMMMMMMMMBBIIIIIIIIIIIIIIIIIIIIIIIIIIIIIPPPPPPPPP<eos>
321,LACK 'OOJYIEEEEEE  DDDDDDWWWWWWWWWWWWWWUUSSSSSUUSXXXXXXXXXXXXXXXX....XJJJJJJJJJJJPJJP.ZPPPPPPPPPPPPPPP<eos>
322,DOYBLE-QUOTE WYVMNN'FKKKKKFFFAAAAAAAAAASSSSSSSSSSSSSSSSSSSSJJJJJJJJJJJJJJJJJJJJHHHHHJJJJJJJJJJJJJJJJJJJJJJJXXXXXXXXXXXXXXXXXXXXFXXFXXFXXKKKKKKPPPPPPPPPPPPPPPPPPPPPPPPPPPPPPPPPPPPPPPPPPPPPPPPPPPPPPPPPPPPPPPPPPPPPPPPPPPPPPPPPPPPPPPPPPPPPPPPPPPPPPPPPPPP
323,IT ALSO ST______EEVVVVVNNNNNNNNNNNNPPPPPPPPPPPPPPPPPPPP..FFFFFFFFFFFFFFFFFFFFFFFHHHHHHHHHHHHHPPPPPPPPPPPPCCCCCCCCCCQQCCQQ<eos>
324,BUT SCOOR__OFF_WW_WW__KKKXXXXXXXXAAVVVVVVVVVVVVVVVVVVNNNNNNNNNNNNNNNMNNNNMMMMMMMMZMMGVVZGVZZGGGGGGGGGGGGGGGGGGGGGGGGGGGGGGGGGGGGG-GGY-Y-Y--Y--YIY<eos>
325,THE COMPANY SAID'FFFFFVVVVBBBBLLLLLLLLLLLLLFFFFFFFFFFFVV'''''''''R'''JJJJGGJGGGJGGJGGGGGJGGJJGGJJJGQQQQQQQQ<eos>
326,H+'IS CRUDUL__JJJJJJJTTTTT_TTVVVVVVVVVVVVVVVVMMMMMMMMMMMMMMMMMMMMMMMMMMMMMMMMMMMMMMMMMMMMMMMMMMBBBBBBBBBBBBBBBBYBBBBYYBYYYYYKYYK<eos>
327,BUT LOOCE_DAA_FFFFF__HHHHHHHHYYYYYYYYYYWYWYWYWHHHHHNNPPPPPPPPPPPPPPPPPPPPPPPPPPPPP<eos>
328,Y.T EUBAAAAI'''XXXXXXSSSCCCCCCCCCCCCC'''M'M''MMMMMMMMMMMMMLLLLLLLLLLLLLLLLQV<eos>
329,THE NASIOLARVGGJJJWWWWWWWWWWWWFZZXXXXXXXPPPPPPPPPPPPPPPPPCMMMMMMMMMMMMMMMMMMMDYYYYYYYYYYYYYY<eos>
330,IN NYNETEGG.AAYYY..MMMMMM__XXMMX'M''''''ZZZZZZZZZZZZXZXXXXHHHUUUUUUUUUUUUUUUUUUUUUUUUUUUUUUUUUUUUUULLLLBLLBBBBBBBBBBBBBBBBBBBBBBBBBBBBBBBBBBBBQQQQ<eos>
331,GRAIN SAYS  SLYLBBBMMMMMMMMMMMMMMQQQQQQQUQUUUHHHH''HHWWWWWWWWWVVVWXVV<eos>
332,SO INECCRRNNNCCCCCCUUAA'MMMMMMMMMMWWWWWDDFFFFFFFFBBBBBBBBBBLBRRRRRRRRRRRRRRACXXXXRXXXXXX<eos>
333,IN A.Y CA.ESTTHRROORPPBLBL_WWWWWWWWWW''''''''''''D'DDDDDDDTDTVVVVFV<eos>
334,FOR M.NY JAPZZZECCCCC'WWWWWWWWWWWWWWWWWTTTHHTVVVVVVVVVVVVVVVVVVVVVVVVVVISSSSSSSSSSSSSSSSSSSZSS<eos>
335,IT HAZ S'MMMPPPPPPPKKQCQQQQQQQQQQWWWWWVVVVVVVVVVVNNNNNNNNNNNNNNLNLLLLLLLLLLLLLLLLLLLLLLLLLLLLLLLRLRLRERRERRERRRERRR<eos>
336,STILL COMMA 'B'''KKNNNNNNNNNNNNNNNUUHHFFFFFFFFFFFFFFFYBBBBBBBBBBBBPBPPPPPPPPP.PPPX.PPXXXXXXR<eos>
337,DOCBLE-QUOTE THER''ISMANMPPCPCCCCCSNNNNNNNNNNNNNVVVVVVVPPPPPPPPPPPPPPPPPPPPPPPPWPPWWWWWWWWWWWWWWWWWWWWWJWJJJJJJJJJJJJJJJJJJJJJJJJJJJJJJJJJJJJJJJJJJJJJJJJJJJJJJJJJJJJJJJJJJJJJJJJJJJJJJJJJJJJJJJJJJJJJJJJJJJJJJJJJJJJJJJJJJJJJJJJJJJJJJJJJJJJJJJJJJJJJJJJJ
338,TELEVIISSSSMMMMMKKKK__RRRRRR_RYYYYYYYYY.........--G-G-GG-GGGGGGGGGWWWWWWWWWWWWWWWWWJJJJJJJJJJJJJJJJJJJJJJJJJJJJJJJZPZPZPZPZXPZPPP<eos>
339,C+LLEA'TTWWHUUJDDDDYYYYYYYYZZZZFFFFFFXXXXXXXXXXXXXKGGNGNNNRRRRPPPPPPM<eos>
340,ECONOKKI+KGKGGGGG..MMMMMMMMMMMMMMYYYFFFFFFFFFFFJJJJJJJJJJJJJJJJJJJJTTJJTTJJLTLLLTTLLTTTTTTTTTTTTTTVVVVVVVSPP<eos>
341,WHYLE''CA_GGGGGGNK++++++CCCMMMMMMMMMMM.M.M.M.M.M.KKKKKKKKKKKKKKJJJJJJJJJJDDRRSRRRDSRDRXDDPDDDDPPPPDPPP<eos>
342,HE AGUSZS'TTTF____DDZZZZPMMMMMMMMMMKKKKKKNNDDDMDMMTTWTTTTTTFFFFFFFFLSLLLLLLLLL<sos>L<sos>L<sos>LLLL<sos><sos>XLXLLLLLLX<eos>
343,A STCOM_ER'''YYYYYYHHHHHHHHFFFFFFPPPPPPPPIIIIWIIIIIIIIIIIIIIIIIIII<eos>
344,IT ENVEDD__ZZZZSSS'JJJJJJJJJJJMMMMMYYYYYYYYHHRGGGGGGGKKKKKKKKCCKCCCCCPCCCCCCCLLLL<eos>
345,+HE ROUERGG__AZLWWWWLLLWWWJJJJJJJJJXXJ'SCCCMMMMMMMMMMMBBBBBBBBBBBBBBBFFFFFFFYYYYYYYYYYYYYYYYYYYYYYYYYYYYYYYYYKYFFFFFKFFFFFFFFFFFFFFFFFFFFFPPPPPPPPPPQQQQQQQQQQ<eos>
346,THE PROBLEMNNIZZZZZ.JJUUUUUUUUUJJJJJJJJJJFFFFFFFFFFFF...II.IIAIIIIANNNNNNWWWWWWWWWWWWWWWWWWWWKWWKKKKKKKKKKKKKKKKKKKKKKKKKKKKKKKKKKKKKKKFKKFCFCFFCCF<eos>
347,UNDO HHH__LLLLL_MMMMMMMMMMMCSSSSSSSTZTTTTTKKKKKKKKKKKKKKKKFFFFKFFFFFFFFFFFFFFFFLLLLLLLLLLLLLLLLLVVSSSSSSSSSSSSSGGGYGGGQGG<eos>
348,BUT TOTH'COMPANYYSHHYYYYYFFFFFFFFFFFFKKKKRNNNNNNIIILLLLLLLLLGGGGGXJXJGXJJJSSVVVS<eos>
349,SOME 'LURZ______AADDVVVVVVVVFFFFFF.YYYJJJJJJJJJJJLJJLLLLLLLLLLLLLLGGGGGGGGGGGGGGGGG.BBBBBBBBBBBBBBBBBBBBBBBBBBBBBBBBBBBBBBBBBBBBBQQQQCQCQPQPKPKPPPP<eos>
350,BUT SXUCH AANZ_DAAZMLMMLLLML__LM_M__MMM_M__WRWWWWWWWWWWWWWWQQQQQFFFQFFFFFFFFFFFFFFFFFFFFFFFFFFMMMMMMMMMMMMMMMMMMMMNNNNNNNDNDDNDNDDPP<eos>
351,THE RAISSSWSLGGGGLLLFFFFFFFFFFMMMMMMKKKKKKXXQQQQQQQQUUUUUUUWWNWWWNNNNNNNNNNNNNNNNNNNNNNNNNNN........VVVVPPPPPPPPPPPPPPPPPPPPPPPP<eos>
352,CAMBODY YZYYYDDDDNNNHPPPPBBBBGGGVVVVVVVVVVVFFFFFFFFSSSWWWWWWWWWWWWWWWWWWWWWWWWWWWWWQQQQQQQQQQQQQQQQQQQQQQQQQQQQQQQQQQQUHHHHHHHHHHHHHHHHHHHHHHHHLLLLLLLLLLLLLLLLLLL<eos>
353,HE VAUUUISS.PPPPPPYPXXXXXXXXXBBBBBBBLBLLLLLLLLL<sos><sos><sos><sos><sos><sos>CLLSCCCCCCCCCCCCCCCCCCCCCCTTTTTTTTTTTTTTTCCJJJJJJJMMMMMMMMMMMMMMMMMMMMMMMMMMMMMMMMMMMMMMMMMMMMMMMMMMMMMMMMMMMMMMMMMMMMDDDDDDDDD<eos>
354,+HE STAKE'GOVMNNNNDDDDDCXXXXXXXXXXXXCCCCCCCC''''''JJJJJJJJJJJJJJJJJJJJJIIIIIIIILLYYYY<sos>YL<sos>ILOILOOLO-LO-LRW<eos>
355,QOOUNNFORE_AAEZZBBBB_L__L_L_L_L_LTTTTTTTTTTTTLLLLLLJJJYYYYYYYYYYYYYFFFFFFMMMMMMMMMMMMMMMMMMMMMMMMXXXXXXXXXXXXXXXXXXXXXXXXXXXXXXXXXXXXXXXXXXPPPPPP<eos>
356,TWO 'HEPPPFLFLMMMMMIIIIINNFFFFFFFFFNNNVDYYYYYYYYYYYYYYYRRRRRRRRRR_RRR<eos>
357,FOR EXAMPPL_____KKKKKKKKTTTTTTLTLLLLLLLLLLLLLLBBBBNBNCNCNCCNNNNN...........................................GJIGGIGGIGGDGSDDD<eos>
358,EVEN TH_SS.AYHZZZZ____RPPPRPPPPPPPPPPPWPPWWPPWWPPPQQQQQQQQQQQQQQQQXXXXXXXXXXXXXXXXXXXXXXXXXXXXXXXXXXXXXXXXXXXXXXXXXXXXXXXXXXXXFFFFFFFFFFFFFF<eos>
359,MANY OTHERS'COMM_VVVVVGGXXXXXXXXXXXXXXCCC'OOOWDDDDDDDDWWWWWWLLLLLLLLLLLLLLL<eos>
360,LINE NEREEAAUXXFFF_________WWWWWWWWWWKGGGGGGGGGGJJJJJJJJJJJJJJMJJMCCHMMMMMMMMMMMMMMHHHHHHHHHHHHHHHHVVVVVVVVMMMMMMMMMMMMMMMMMMC-----------<eos>
361,IN A LOUKEPL_PCCCCMMMMMMMMMMMMMMMJJJJJJJJJJJJJJDDDDDDDDDDDDDDDDDDDFFFFFFFFSSSSSSSSSSSSSSSSSSSSSSSSSSSSSSSSSSSSSSSSSSSSSSSSHSSSSHSSHSHRYWYVYYYXYYY<eos>
362,AS SCIFF'_FT__GGGGGGGNNMMMMMMMMMMMMM.M.M.M.MMMMMMMMMMMMMMMMNNNNNNNNNLLLLLLLLLLLLKKKKKKKKKKKKKKJJJJJJJJJJJJJJJJJJJJJJDD<eos>
363,WIS'APAARTY+DVVVVVVVCCCMMMMMMMMMMBBBBBBBBRZRRZRRRRLLLLLLLLLLLLLLLLLLULUUHUUHUUHUUNHUNHHNNHNNNNUNNNUNNNNNNNUNNFFFFFFFFFFFFFFFFFFFFFFFFFFXQQXQXXQXKQXXKKKKQXKKK<eos>
364,HOU'_+FFFZZZZ_AGGGGGGDWDDDDDK..........MMMMMMMMMJJJJJJJJJJJJJJJJJJJNNNNNNNNNVNNVVNVVVVVVVVVVVVVVVVVVVVVVVVVVVVVVLILLILILBLILILCICCICIC<eos>
365,HIZ M. BAAAALX_CCCCLLLWWWWWWWWWWUUUUUUUUUUUUUFFFFFFFFFFFFFFFFFXXXXLXXXLXXXLLXLLXXXXXXKKKKKKKKKKKKKKKKKKKKKKKK--<eos>
366,YET 'HEUUU_____BBBIBBNNNGGGVVVBQCCCCCCCCCCCCCLLLLWWWW............MMMMMMMMMMMMMMMMMMMMMMMMMMMMMMMMRRRDR<eos>
367,ALUVHOGJJJJPPPPPPZZZZW'W'''''GG'GGGGGQCQCDDQQDDDDDDDDDDDDDYYYYY......YYYYYYYYYYYYYYFFFFFFFFFFFFFFFFFFFFFFFFFFFFFFFFFFFFFFFFFFFFFFFFFFFFFFFFFFFFFFMMMMMNNNNINN<eos>
368,+ELKS'SS....SSSHTIHHHHHHDDADDD  HOOMMMMMMMMMMMMMMM..............YYYYYYYYYYYYYYYYFFFFFFFFFFFFFFFFFFFFFFFFFFFFFFFVVVVNNBBBBBBBBBBBBBBBDPBPPPBPPPPPPPPP<eos>
369,+HE EXPANDE__RQQQWWWWWWWLCCCCCLLLLLIIIIIWWWWWWWWWWWFFFFFFFFFFFFFFFFFFFFFFFFFFFFFFFFFFFFFFFOOOJJJOOJJOJJJJ<eos>
370,IN ATTEMPZ__BB__B__WWWWWWDDDDDDDDVVVVVVVXXKKKKKKKKKKKZZZZZZZZZBBBBBBBBBBBBBLOOOLOFOFFFFFCCFFFCFFFCFFFCFFFC<eos>
371,FOR MONT'''HHHHEEEKKKKKKXXXXXXXXWWWWWWWWWWWWWWWWWWWWLLWAAAALLLLLLLLLLLLLLLLLLLLLLLLLLL<eos>
372,SIMB AAGGG______MMYYYYYYYVVVVVVVV'WWWWWWWWWXXPPPPP<eos>
373,SAID PRPRR___NNNNNNNNNNXNNXXXGGGJJJJJJFMMMMMMMMKMMKCMCCCCCCCCQQQQQQQQQQQQQQQQQQQQQQQQQLLLLLLLLYLLYYLLYLYLLLLLLLLLLYLLYOVVV<eos>
374,+N ADDITION YUE___R______R_'''''''JJJJJJJJJJJJJJJJJJGGCCCCQQQQQQQQQQQQQQQQQQQQQQQQQQQQQQQQQQQLLLLLLLLLLLLLLLLLLLLLLLLLLLLLLLHHHMM..........................BBBBBBBBBBBB<eos>
375,BUT THE PROL+SSS__ALLLL_KKKKKKWWWMMMMMMMDMDDDDDDDDWDWWWW<eos>
376,A. SCIZZ_OOO______MMMMMMMMMMMMMM..........JJJJJJJJJNWWWWWWQQQLQLLLLLLLLLLLLLLLTTLWTTLWTYYYTYYYTYYTYYTYYTY<eos>
377,THEY CAN BLLLL_____FFJJJJJJJMMMMMMMMMMMMWWWWLLLLLLLLLLLXXXXFFFFFFFFFFFFFFFFFFSSSSSSSSSSSSSSZZZSRRDPRPPRPPRPP<eos>
378,AZKWITH DHER__'___EEEERGG.VVVVVVVVVVVVVVVVVYYYYYYYYYYYYYYYYYYYCCCCCCCCCBBBBBBBBMBBBBBBBBBBBBBBMBBMMMMMMMMMMMMMMOFQQQFPQQQQQQ<eos>
379,TRADE_' ZNSSSSBBBBXXXXXXXXXXXCCCCCJJJLLQQQQQQQQQQQ.....FFFFFFFFFFFFFFFFFOFSSSSSZZOZSZZZOOZOZZZLLZZLLLLZLLLLZLLLLLLLLLLLLLWWWWWWWWWWWWWWWW<eos>
380,N+W COMMAFTFFSSSSYYYYYYY.............'''''I'IIIIIIIIIIIJGGGGGGGGGGGGGGGGGGGGGGGGGGGGGGGGGGGGGGGGHGHHGHHHHHHHHHHHRHHRHHRHHRQQRQ<eos>
381,IT MAY B.EVVH_HRRURRCJJJJUUJJLLLLLLLPPPPPPPPPPPPPPSNSSNSSSSSSSSSSSSSSSSSSSSXXSXXFFFFFFFFCFXKWFF<eos>
382,THE ACCUJVVNBNOOVFPOODDDLLLLL'LLL'''LLDDDXFFFFFFFFFFFFFFFFFFFFFFFFFFFFFFFFMMMMMMMMMMMMMMMMMMMMMMMMMMMMMMMMMMMMMMMMMMMMMMMMMMMMMMMMMSSSSSSSASAASA---<eos>
383,SEN'...'HHHHHHHHHHPPPPPPPPRPPPPPPPPPPPPTTTTTHTTWWWWWWWWDOOOOLLLVVVVVVLVVVLLVVLLVVVVVVVVVVVFVVVFFFFXFFXXXFFFXX<eos>
384,THE RADINGJCONCCCZLLLLLLLPLLLLSLLLLLLLLL...........................X.XXXXXXXXXXXXXXXXXXXXXXXXXXXXXXXXMMMMMMMMMMMMMMMMMMMMMMMMMMMMMMMMMMMMMMFFFFFFFOFFO<eos>
385,SOME FRC___ADDDDDDDDTTTTTTTTTTIIIILLLLLLLJJLVLLVVVVVVVLLLLLLL...................BBBBBBBBBBBBBBBBBBBBBBBBBBBBBBBBBBBBBBBBBPPPPPPPPPPPPPPPPK<eos>
386,+HIJJJTACC CCCCR________'''UUUUUUUNNNNNNNNNNNNNNNNNNNNMNMMVVVVVVVVVPVPVPPPPPPP<eos>
387,BUT I''SSLCLLCCCCWWWWWWWWROCCCCCMMMCKKKKKKKKAAHHHHHHHHHHHHHHH<eos>
388,THE PROLLANNNNNUUNUZZZBBBBBBBNNNNNNSSSSSSSSSSSSSSSSSCCCCCCCCCCCMMMMMMMMMMMMMMMMMMMVVMMMMVVVVVVVVVWWWWWWWWWWWKKKKKKKKKKKKKKKKKKKKKKKKKKQQQQQQQQQQQQQQQQQQQQQQQQQQQQQQQQ---<eos>
389,MOS. I-PORTNNLLLYCC_AABBBKKCCKKCCCCCKCCCCCCCCCCCCCCCCCCCCCCCCVVVVVVVVVVVVVVVVVVVVVVVVVVVVVVVVVFFFFVFFFFFFFFFFFFFFFFFFFFFFFFFFFFFFFFFFFFWWWWWWWWWWWWWWWWWWWWWWW<eos>
390,+HE TWO'COMPANNIIGGGGE__DDDLLLLLLLCCCCCCCFFFFFFFFFFLLLLLLLLLLLLLLLLLLLLIDSCCCDQQDDQQ<eos>
391,I. BYBMM__L_____NNNSSSXXXXXXXXXXXXTUUUUUUUUUWWWWWRHHRRWWWRKKHRRKKRRRRKKWRRRKKWRRKTKKKTTTKKOTTTTTTMMMMMMMMMMMMMMMMMMMFLLFLLFLLLLLVV<eos>
392,BUT ATTEN'ZZZZZ....MMMMMMMNNNCCCCCCCCCCCIMIIIIMMMMMSSMLLLLLLLLLLYLLLLLLLLLLFFFFFFFFFFFFFFFFFFFFFFFFFVVGPVVRVPRVPVPRVPVV<eos>
393,HOWEVER T++TTTFFFFFFFLLLLLLLASZZZZZZZZZZMMMMMMM'''DDDDD'''''''MMMMMYYYYNYYYNYYNYYNGYNGYNGYNGGGGGGGGGGNQGKNQNQNQN<eos>
394,HE AN OTTER_U.____IDD___W_WWLWLLLLLSSSSSSXXXXXXXXPPPPPPPPPPPPPCCCBBBBBBBBBBBBBBBBBBCCCMMMMMMGGGGGGGGGGGGG<eos>
395,AFTER VH__ H__YYYYYYYPPP___MMMMMMMMMMMMMMMMMMMMWWWWWWWBBBBBBBVVVVVVVVVVVVVVVVVVVLLLLLLLLLLLLLLLL<sos><sos>LL<sos><sos>LLLLOL<sos>LOLOOOQ<eos>
396,THE PILOT__AAAMMMMCKKKKUUUUUUUUU''''BBBBBBBDDDDDDDDV<eos>
397,+R. MARTT__NNCELLLYYDPPPPDDDFDFFFFFFFFFFHHHHHHHHHJJJJJJJJJJJWWWWWWWWWWWWWWWWWWQQQWQQQQQQQ-QQQ-QQQ--QQ--QQQQ-QQQQQQQQQQQQQQQQQQGGGGGGGGGGGGGGGGGGGGGGGGGGGGGGGGGGG<eos>
398,DOCBLE-QUOTE THEY'JAMGMSSSSIINNNNNJJJJJSSSSSSSSSFFFFFFFFFFFFFFFMMMMMMMMMMMMMMMMMMMMM........PPPP<eos>
399,PROBILLL'GGL___J_JJJJJ____TTTTTTTTTTT'NNGGGNGNJJJJJJFFFFFJFF....................................................HHHHHAHHHHAHAHAHAAHAAQQQXQQQXX<eos>
400,MOSKOWER'DIYFFFFFFFFBBBBFFFXXXXXXXXXXXXXGGGG..................YYQQQQQQQQQQFFFFFFFNNNANNANNATTATTTATTTTTATTTTTTNHHHH<eos>
401,THE COST+ADANMMMMMMM.'''RRRRRRRRRRRZZZZZZZZZZYYYYYYYYYYPPPPPPPPPPPPPPPPPPPPPPPPPPPPPPPPPPPVPPPFPVKPVFFVVKVBKKBFFVVVQVBQKQ<eos>
402,MR. PELLOWWAALWWWWWWHHHHCCCCCCCCCCCCCCCCIIQQQQQQQQQQQQQQQYYYYYYYYYYYYYYYYYYYYYYYYYYYYYYYYYYYYYYYYYYXXXXXXXXXXXXXXXXXXXXXXXXXXXX<eos>
403,TO LLLVVYYHHHH''SCCCCCCCCMMMMMMMMMM.MMMMJJJJJ''SSKSSXXKXXXXXXXPXPPPPPPPPPPP<eos>
404,ALL SXXETNNNNNWWWTTTTTTVVVVVVYYYYJJJYYJJJJFFFFFFRFFFFFFFFFFFFFFFFFFFFFFHFFFHHHHHHGGGGGGGGGGCGCCCCCQQQQQQQQQQQQQ--<eos>
405,ITD+HGNGNNGY____UYYYYYYYBBY_WRWWWWWWWW'''''''''''''''MMMAMMAAAAAAS<eos>
406,BUT THEYR_RR_______WWWWWWWYK.C'''''''SSSNSSSJJJJJJJJJJJJMMMMMMMMMMMMMMMM.MMMMMMM.MMMMMMMMMMMMMMMDQQDQQQQQQQQQQQQQQQQQQQQQQQQQQ----------------------<eos>
407,AND DEZP_M_OHHHHHHHHVVVVVVVVVVVVVSFFFFFFFFFFFFFSSSSISSISIIIIIIIIIIIIYYYYYYYYYYCCCCCCCCCQQQQQQQQQQQQQQQQQQQQQQQQQQQQQQQQQQQQMMMMMMMMMMMMMMMMMMMMMMMMMMMMM-BBBBBBBBBBBBBBBBBBB<eos>
408,PRIVATE SLLEU____ZZZZWWWWWWWWWWHHHHFFFFFFFFFFFFFFFFNNSSSSSSSSLLLLLLLLLLLLLLGGGBKKKKKKKKKKKKKQQGQQQQQQ<eos>
409,NOW S.BBBBIIIIIIIIRMMMMMMMMMMMA'<sos><sos><sos><sos><sos>ZXXXXXXXXXXXXXXXXXXXXXXXXXXXXXXXXXXXXXXXXXXXXXXXXXFFFFFFFFFFFF<eos>
410,WIGHIN HYKL<sos>LLLL'''''''''MMM'MLLLLLLYYYYF.YF.PPPPPPP<eos>
411,+HAZ'S MOURRRRW.WWWWWWWWWWWGGGGGGGGGJJJJYYIYJYIIIIIIIIIIIIICICCCIPIPPIPPIPPIPPIPPFPPFPPFPPPFPPPPPPPK<eos>
412,TWDAY Y...SSSSSSSSIHHHHHHI'''''MMMMMMMMMMMMMMMMNNNNNNNVVVVVVVVVVVVVVVVVGGVQQQVQUQ<eos>
413,AT +HE SHME TIM..______CCXXXXXXXXXNNNNNBBBBBBBDDDDDDDDDDD''''WWWWWWWKKKKKKKXXXXXXXXXXXXKKKKKKGGQQGQQQQQQQQQLQQQL<eos>
414,THEY SH_NGSALLJJJD...DI.IIAVVVBBBBBBBBBBBPPPPPPPPPPNNNNNNNNNNNNNNXXXXXXXXXXXXXXXXXXXXXXXXXXXXXXXXXXXXXXXXCQCQCQCQCQCMCMCQQCMCM<eos>
415,PROCEDDGDUYY________LLLLLLLLLLLMMMMMMMMAAFFFFFFFFFFFF............................WWWWWWWWWWWWWWWWWWWWWWWWWWWWQQWQQQQQQQQQQQQQNNNNNNNNNNVNVVNNNNN<eos>
416,MARKET C INNWWWSSSSLLLYJJJJGGG'''''''''''''HZHYYPPPPPPPPPPPPPPPPPPPP<eos>
417,HE ADDED COLLLMM-Q----QQQQQFFFFFFFFFFFMMMMMM''''''''ZGGGGGGGGGGGBBBBBBBBBBBBBVVVVVVVVVVVVVVVVVVVVV<eos>
418,BUT IN A.FFFFKEEEEEEEEYYYXXXXXXXXXMMMMMMMLLLLLLLLLLLLLLLLLLRRRORRDDDDDDDRJJJJJJJJJJJJDJDJJODDDDOD<eos>
419,BUT KLLK''IIAIIDDDDDDDDDFFFFFFFFFFFKXKNNNNNNNNNNNNIIIIILLLLLLLAAAAAAAAJJJJJJJJJJJJADDDSADDSWWSSW<eos>
420,WE'INVIYYTTT________T TTTTSSSSSSSNNHNNNNNMHHHHHHHHHHHHHHHHHHHPPP<eos>
421,DO+BLZ-QUOTE IFJWYYK....SSSSSSMMMMMMMMMMWWWWWWWWHHHHHHHHHHVVVVVVNNNNNNNNNNNNNNNNNRRRR<eos>
422,HRYWE R+''_____''KCCCCCCCQQQQQBBBBBBBBBBBBBBBBBBBBBBBBBMBLNNFNLFFFFFFFFFFFF<eos>
423,MR. HNNZZ'QQQQQQSSYYADDDDDDDNNNNNNDNDDDVVVVVVYYYYUUUFUFFFFVVVVVVVVV<eos>
424,IT ENVUED___Z_ZZ_DDJJJJJJJJMMMMM.YYYYYYYYHHRRHRRRRGGGGGGGGGKKKKKKKKKKYYYYYYYYYJJJJCJJJJJJJJPCCCCCCCSU<eos>
425,AND THEY BUKK__G___P.JJJ........MMMMMMMMMMMPPJJJJJJJJJJJJJ'SSSSSSSSSSSSFCSFSFFSFFFFFFFFFFFFFFFFFXXOPIXXOI<eos>
426,BUSN+CCH' WLLALLLLLORRRY__FFFFFFXXXJJJJJJJJJJJJJJJJJJJJJHHHHHHHHHXXXXXXXXFXXFFFFFFFFFFFFFFFFFFFFFFFFFFGGGGGGGGGGGGGGGGGGGGGGGGGGGGGGGGGGGGGDDDDDDDDDDDD<eos>
427,THEYE'AUZS _VVVZZZ_AAAADAADAIIIIIIIIIIIIIIIMNNNNNNJJJJJJJJJFFFFFFFFFFFFFFCCCFCFCCCCCCCCCCCCCCCCCCCCCCCC<eos>
428,AFTERDHCHL'HH_____D_              SSWWWWWWWWWWWWWWIIIQQQQQQQQQQQQQQQQQQQQQQQQQQQQQQQQQQQXXXXXXXXXXXXXXXXXXXXXXXXXXXXXXXXXXXXXXXXXXXXXXXXXXXXXXXXXXXXXXXXXXXXXXXXXXXXXXXXXXXXXXXXXXXX<eos>
429,IN SAADB_CMMAAYYYVVVVVUUUUUUJXXXXXXXXXXKKKKKKKGWWWWWWWHHHHHHHHHHHHHHHHHHHHHHHHHHHHHHHHFFFFFFFFFFFFFLLLLFLLLLLLLLLLLLLLLLLLLLLLQQQQQQQQQQQQQQQQQQQQQQQQQQQQQQQQQQQQ---------<eos>
430,THE AGR_Z''ZSSNNNFFFFFFVVVVVVVVVVIIKKKKKKKKCCMMMMMMMMMMMMMMMMMMMLFFFFFFFFFFFFFPPP<eos>
431,P.INEW''MMBB__LL_ADSSSSSSSSCCCCOMMOOOOOOUUUUZZUZYYYYYYYYYYYYFFFFFYYYFFFFYYFFFFFGYGYFGGGGGKGGKGKGKGKGKGKKGKKKGGHGHGHGHGQQQQ<eos>
432,WH'KKUKUUJUUR'__R__RPPPRPRRBYYCCCNNGGGGGGGGG..........BBBBBBBVVVVVVVVVVVLVFLFFFFFFFFFFFFFFFFFFFFFFFFFFFFFXXXXXXXXXXXXXXXXXXXXXXXXXXXXXXSAAAASAS<eos>
433,NOT EVEYY________DDDHHHHHHHHHLLLLLLLLLILIIIIIIIIIIIIIPPPPPPPPPPPPPPPPPPPPPPPPPPPPPPPPPSSSSSSSSSSSSSSSSSSSSSSSSSSSSSSSSSSSBBXXXXXXXXXXXXXXXXXXJJJJJJJJJJJJJJJJJJJJJJJJJJJJJJJJJJJJJJJJJJJJJJJJJJJJJJJJJJJJJGGGGGGGGGGGGGG<eos>
434,IT FOREYYYEYZ._.........WGGGLLLLLLLLLVVVVVVVVHHJJJJJJJJJHHHHHHHBBBBBBXXXZZZZZZZZZZWWWWWWWWWWWWWWWWWWWWWWWWWWWWWCCCCCCCCCCCCCCSSSSCCCCCSCCCCCCCSSCCSCDDP<eos>
435,DO+BLZ-QUOTE FHRRR'HRRKKKKK<sos><sos>MMM.......HHHHHHHHHJJJJJJJMMMMMMMMMMMMMMMMMMMMMMMMMMMMNNNNNNNNNNNNNNNNNNNNNNNNNNNXXXXXXXXXXXXXXXXXPPPPPPPPPPPPPPPPPPPPPPPPPPPPPPPPPPPPPPPPPPPPPPPPPPPPPPP<eos>
436,NOWTH'_'XC_MCCCCCCUUUUUUUUUUWWWPPPPPPPPPPPIDQQQQQQQQQQQQQQQQQQQQ--------------------JJJJJJJJJJJJJJJJJJJJJJJJJJJJJJJJJJ<eos>
437,OLLI_L''SSSUSSUNNNNHHHHFFVFVVVWWWWWWWWWWWHHCCCCCCFCCFFFKKKKKKKKKKYYYYYYYYYYYYYYYYYYYYYYYYYYYYYYYYYYYYYYBBBBBBBBBBBBBBBMMMMMMMMMMMIMMMMMMMMMXX-M<eos>
438,STUHDOBZ''AEII      MMMMMMMMMYYYYYYYYY..KKKKXXXXXXXXXXXX'NNNNNNNVNVVVPDPD<eos>
439,AND SOM. CHANE__JJUUUULLLYYYOOR_ORR____PPP_RIRRPRPPRPPPPPPPPPPPPPOOOOWWWWWWYYYYYYYYYYYYYYYYYYYYYYYYYYYYYYYYYYYYYYYYYYYYYYYKKKKKKKKKKKKKKKKKKKKKKKKKKKKKKKKKKKKGKGKGKGK<eos>
440,SO 'NNHEUU+__________WWWWWMMMMDDDMFFMFMMMMMMMMMMMMTMNMNNNNHNYYYYYYYYYYYYYYPPPPPPPPPPLPPPPL<sos>PP<eos>
441,BYZCEPMPMMRRTIFFHFCCMMMHMMHHHHHHHHHHHH''W'WWNWWWWWLLWLLLLLLLLLLLLLLLLLLL<sos>JJJJJJJJJJJJLGJGJJGJFGJFGFFGFFGFFGFFXGXXXXGXXXXXXGXXXXXXXXXXXXXXXXXXXXXXXXXXXXXXXXXXXXXQQQQQQQQQQQQQQQQ<eos>
442,N+W COMMA W.'..'.'''''''SSSSSSSSSS'''JJJJJJJJZZZZZZZZZZZTSTTSTTTTTTTHTTTTTTTHTTTHTTTHTTTHLTTLLTTLLTLLTLLTLLYYLYLLYYLYYYYLYGYYYYGGQQQGGGGGGGGQGGQGQQQQ<eos>
443,BUT THE CHINEE..YYPPXXXXMMMMM__MMMMM'''''''JJJJJJJJJJFFFFFFFFFFFFFYYYYYYYYYYYYYYYYYYYYYYYYYYYYYYAAALAAALAAMAAMAAMAQMAQQQQAQQQQQQQQQQQQQQQQQQQQQQQAAQQ<eos>
444,BUT IFFTHETHSSYYYOYOVOOVHOOAAFFCCCCCCCNNNNNNNNNNNNNNNNNGGZZZZZZZZZZZZZZZZZZLLLLLLLLLLLLLLLLLLLLLLCCCCCCCLCCCCDQQQDDQDD<eos>
445,FOR ONE'THAYYSCCCSSMSMMMM.M......QQQQQQQQQQQQYQQYQYYDDDDDWDWPPPPPPP<eos>
446,LONDUURRLL____UPPTHHHHHH....CCCCCQCQQQQQQQQQQQQQQQQMMMMMMMMMMMMMFFFFFFFFFFFFFFFFFFFFFFVFFVFVVFVVFFFVFVFSFFFFFGSSSJGGJGJJGJJX<eos>
447,WHYG'PLR_____J_FFBBBBCCMMMMMMMMMANN'''''''''''''ZZZZZZS<eos>
448,A.HOUS OFFF_R___KKKKMMMMMNNNNNNNNNNNNNNNWWWWWWWWWWWWWWWWWWWWWJJJJYYYYYYYYYYYP<eos>
449,MR. VAGLZZSSSDDBBBTBHTHAANNTTOTTTKKKKKKKKKKKKKKK''KKKKKKKKKCCCCCCXXXXXXXXXXXXXXXXXXXXXXXXXXFXFFFFFFFFFFFFFFFFFFFFFFFYYYDYYYYYY<eos>
450,TRADY_Y DFIFIIIIIII       DDDDDLLLLL....GG...WWWWWWWWWWWWWWWWWWWWWWWWWWWWWWWMMMMMMMMMMMMMMMMMMMMVMMMVXXVV-XXPP-PXPXKPXX-PXXKPXXXPXXKXXKPXXKXXXXPXXKXXKPXXKXXXXXXXK<eos>
451,HE CUURG'___S_M___WWWNNTTSSSSSSSSSM'''''''''''''''''''WWWRFFFFFFFFFFFFFFFFLLLP<eos>
452,YHE I'LM'DMNA___  AABBBBBBBBBBBBBFFFCCCCCCCCCCSCCRVSRRRSSSSRRRRRRRRRRRRRRRRRRRRRRRRRRRRRRRRRRRRRRRRRRRRRRRRRRRRRRRRRRRRRRRRRRRRRRRRRRRRRRRRRRRRRRRRRRSSSSU-----------<eos>
453,DO+BLE-QUOTE WHAN'AAAIAJJ.......M.MMMMMMMMMMMMM.M....MMMMMMMMMMMMMMMCCCCCCCCCCFCFYYYYYYYYYYYYYYYYYYYYYYYYYYYYYYYYYYYYYYFFFFFFFFFGFGFGGGGGGGGGGGGRRGGRRRRRRRRRPRRRRPRRR<eos>
454,+ETAWLO_COMMA THHHHHHHHHHDNNNNNNNNBBBBBBBBBBBBBBBBBBBBBBBBBHBHHGHGGGGGGGGGGGGGGGGGGGGGGNXXXXXXPPXPXPXPXPXPXPXPX<eos>
455,MR. BEELLYYSZSSSSSSSSSHHHTHHCCCCJJJJJJGJGGGGGGGCCCCCCWWWWWWWWWWWWWWWWWWWWWWWWWWWWWWWWWWWWLLLLLLLLLLLUUUUUUUUUUUUUUDUUUDDDDDDDDDDQQQDXKKKKKXXXXX<eos>
456,IF'A LONGG_WWWWWWWWW..MMMMMMMMMMMMFFFFFFFFAAA EMEMMEYYYYYYYYYYYYYYYYYYYYYYYCCVCV<eos>
457,THE CONSRAX''_PRVVIVDVBBBBYYYYYJJJJJJJJJJWWWWWWWWWWWWWWWWWWWWWWWWWWWWWWLLLLLLLLLLLLLLLLLLLLLLLLLLLLLLLLLLLLLLLLLLLLL..BBBBBBBBBBBBBBBBBBBBMBBBMMMBBMMMMMMMMMMMMM<eos>
458,IT WAZN'NEEGVVVVVVVVRRRPPPPPPPPPMMKKXXXXXXXXXXXX----------JJJJJJJJJJJJJJJJJJJJJJJJJJJUUUUUUUUUUUUUUUUUUU<eos>
459,THE RECALLMXXNZNNNNNNNNWWWWWWWJJJJJVVVVVVVVV'MMM'BBBBBBBBBBGGGGGGGYYYYYYYYYYYYYKKQQQQQQQ<eos>
460,FOR HIS'TPPEE..MM..M..KKCCCCCJJCANCCGGGGGGGGGGGGGGGGWWWWWWWWWWWWWWWWWWWWWWWWWWWWWWWWWWWWDDDDDDDDDDDDDDDDDDDDBBBBBBBBBBBBBBBBBBBBBBBBBBBBBBQQKQ---K---<eos>
461,THE COMBINDN__SSSSSSSUUUUUUUUJJUUJJJJJJJJJJJFFFFFFFFFFLLLFLLLLLLLLLLLLLLLLLLLLLLLLLLLLLLLLLLLLLLLLLLDLLLDLLDLLNNGNGNNNGNNGNNNGNNGNNNNNNNNNNNGGGGGGGGGGGQ-<eos>
462,HE ARGUISS'T_FFF______ZZPPPPPPPPPPPFFVVVVVVVVVVVVVVVVVVVVVVVVVVVVSSSSSSSSSSSLSLLLLLLLLLLLLLLLLLLLL<eos>
463,SOY BABNN+UUUU________WWWWXXXXMMBBBBBBBBBNNNNNNNNNFVNNNNNHH<eos>
464,BUT ACKRE'_QQLIIIIIIIIIIIYYYYYYJJJJJJJJOOOPPPPPPPPPPPPYYYYYYYYYYYFFFFFFFFFFFFFFFFVVVVVVVVVVVVVVVVVVVVVVVVVVVVVVVVVVVVVVVVVVVVVVVVVXXXXXXXXXXXXXXXXX<eos>
465,EVIN TH_'STAYZZZ_____R_PPPPPMMMMMMMMMMMMMMPPPPQDDDDDDDDDDDDDDDDDDDDDDDDDDDDDDDDDDDDDDDDDDDOOUUUJJJJJJJJJJJJJJJJJJJJJJJJJJJJJJJJJJJJJJJ<eos>
466,IT'SABBOL_XXXVVVVVNNNNNNNNNNZZZZZZZZZVVVVVVLLLLLL------------------MMMMMMMMMMMMMMMMMMMMMMMMMMMMMMMMMMCCCCCCCCCCCHJJJJJJJJJJJJJJJJJJJJJJJJJJJJRJJJ<eos>
467,B.GYER LULLN__LLLW___XXXXZZZZJJJJJJFFFFFFFFFFFFFFWWWWWWWWWWWWWWWWWWWWWWKKKKKKKKKLLLLLLLLLLLLLLLLQLLQQLQQQQQQQQ---MMMMVPPPPPPPPPPPPPPPPPPPPPPPPP<eos>
468,BHYY VENNNAA.....SSSSST''TTLLLLLLLLLLNLNNNNNNXXXXXXXXZZZZZZZZZZIIII<eos>
469,B.CAZE''H CIVVVVVVVVFFF___FF_JJJCCJJJJJJJLLLNNLNNWWWWWWWWWWWWWWWWWWWWWOOOPOOPOOOOPPPPPPPPPPPPPPPXXXXXXXXXXXXXXXXXXXXXXXMMMMMMMMMMMMMMMMMMMMMMM<eos>
470,IT'WREX'TT_SSSSSLCCKKKKKKKKKKKKKLLVLVLWWWWWWMMMMMMMMMMMMMMMMMMMMFFNFLNNFLNFLNFLL<sos>FLLLLLALLULULULLLLUUJLJLLUAAJLJAAJRJYAAY-GVYAGVGVGAGVBGGV<eos>
471,ON I''IS TAWH_WWLHHHRRRRRCCCLLLLLCBBBBBBBBCDCDDDDDDDDDDDDDDDDDDDDDDDDDDDDDDDDDDDDDDDDDDDDDDDDDDDDDDDJJJJJJJJJJJJJJJJJJJJJJJJJJJJJJ<eos>
472,T.<sos>GM'XXXCNNINNIIPPIPIDD QQQQ-QQQQQQQQQQQQQQ--<sos><eos>
473,THE GOLD'CRU_VUWWWWWSSAAAAASSSSSSSSSSSSNNNNNNNNNNNNNNNNNNNNNYYYNYYYYYYYXYYYXXYXXYXXYXXXFFFIRRFFFIRFP<eos>
474,+HE CRU_Z''BYYKKKKKKKKKKKK..A.AAAFFFFFFFFFFFFFFFFFFFFMMMMMMMMMMMMMMMMNN...........VVVVVVVVVVVVVVVVVVVVVVVVVVVVVVVVVVVVVVLLLLLLLLLLLLLLLLLLLLLLLLLLLLLLLLLLLLLLQQQQQQQQQQQQQQQQQQPQ<eos>
475,CHRAAIGYGG  N..........WWZZZZZZZZZZZZZZLLLLLLLLLLLLLLLLLLLLLLLLLSSSSSSSSSSSSSSSSSSSSSSSXNNNNXNNNNNNNDXXXDXXXXXXXXXXXXXXXXXXXXXXXXXXXXXMBBBBBBBBBBBBBPBBBBBBBBBBBBBBBBBBB<eos>
476,IN STADY FFFFFWHHHFFFFF_JJJJJJJJJJJJGGGGGGKKKQQQQQQQQQQQQLLLLLLLLLLLWWWOWOOOOOOOOOOOOOOOOOOOOOOOOOOOOOOOOOOOOOOOOJJJJJJJJJJJJJJJ.....O..P...<eos>
477,JHAMOU '''ITT___IINNNNNNNDDDDDDDDDD''YYYYYYYYYYYYYYYYYYYYYYYYYYEETTEETTTEETTTTTPVPPPPPPP<eos>
478,DO+BLZ-QUOTE I'WWKK'VVVVVFSSSSS..JJJJJJJJJJJJJJJ..MMMMMMMMMMMMMMMMMMMMMMMMMMMMMMMMMMMMMMMMFFRFVRRRRVNRRRRRVNRRRRRNRRRRRRNRRRRRR<eos>
479,+EGARDLL__ FHOOHO..MMMMMMMMMMMMMMMWWWWWWJJJJJJJJJJJJJJJJJSSSSSSSSSSSNNNNNNNNNNNNNNNNNNNNNNNNNNNNNNNNNNNNNNZZZZZZIIIIIIZZIZZIXXXXXXXXXXXXXXXXXX<eos>
480,NO F.MMMPMMPPPHHIBBVVVVVBBBBBBBBBBIIDIIIIIICCICRRWWWWWWWWWWWWWWWWWWWWWHWHHHHHHHHHHHHHHHHHSHA<eos>
481,IT'WOLL'_SAAAAAEJJJJJJJNNNNNNK..........F.FFFFFFFFFFFFFFFFFFFFFFFFFFRFRFRYFRYRYYRYYRY<sos>RD<sos>OR<eos>
482,HOWEVER ASSUJJJJ______DDDDDATAATCCCCCQLMMMMMMMMMMMMMMMMMMMMMMMMMMMBBBBBBBBBBBBBBBBBBBBBBBBBBBBNNNNNNNNNNNNNNNNNNNNNNNNNNNNNX<eos>
483,UNDER T_AMM'_PP_______PPP------YYYYYYGGGGGKKKKKKKCCCCCCCCCCCCCCCCCOOOCOOOOSOOOOOOOOOWWWVWWWVHHHVHYYYVHYYYYYVYYYYIILLLLLLLLLLLLLLLLLLLLLLLLLLLLLLLLLLLIIIIIIIIIIIBBBBBBB<eos>
484,THE BIG'SCAWWWWWWJJJJJDDDDDDD__WWYWYYYYYYY.....AANNMVMMMMMMMMMMMMMMMMMMMM<eos>
485,AMONG'THE MAJJJSXXCCCCCCCCCCCCCCCCCKEEEEZZZZZZZRRRRRRRRRWWWWWWWWWWBBBBBBBBBBBLBLVLLLLLLLLLLLLLLLLLLLLLLLLLLLLLLLLLL.L-----------------KKK<eos>
486,KHRZ'JJJUUR______HYNNNGGGGGGGWMMMMMMMMMMMMMMMMMMMMMMMMMMMMMMMMM.MSM.M.ZZM..Z...ZZZXZZZXXXXXXXXXXXXXXXXXXXXXXXXXXXXXTXXXXXXXXXXXXXXXXXXXXXXXFFFFFDDDFDDDDDDDDDDDDDDDDDDDDDDDD<eos>
487,+EANTIEN COOMA.__..HHHHHHHHHHHHWWPPPPPPPKKKKKFFFFFFFFFFFFFFFLFLLLLLLLLLLLLLLLLLLLLLLLLLLLLLJJJJJJJJJJJJJUGUGGGGGGGD<eos>
488,NOT THHXXCMASAAAUUUUWWWWWWPPPPPPPPPPPPQQQQQQQQQQQQQQQQQQQQQQQQQQQQQQQGGGGGGGGGGGGGGGGGGGGGGGGGGGGGGGGGGGGGGGGGGG<eos>
489,THE LIBRZ''L__<sos>SSO AAAAAACAAAAAAKKKKKKKKKKWWWWWWWWWWFFFFFFFFFFFFFFFFJFFFFNNVVXXVXVXXXVXXXXX<eos>
490,I. BMMMM_L_L___N_NSSSSSSSSSTTTTTNNDDDDWTWTHHHHHHHHHHHHHHHHHHHTHHHHTTTHHTTTTTTTTTTKPPPPPPPPPPPPPPLPPPLPPPPPRP<eos>
491,THIS'IS EXPPCCUUUUUUUURWWWWWKKKKKKFFFFFFNNNNNNNNNNNNNNNNVNVNNNNNNRRRRRQQQQQQQQQQQQQQQQQQQQQQQQQQMMMMBVV<sos>BDB<sos><sos>BD-VVBV<sos>BD--YB<sos><sos>BDBMB<sos><sos>B<eos>
492,HOTEL'''___GUUUUNNNTKKKKKKJJJJJJJJCCPPPPPPPPBBBBBBBBBBBBBBBBUUUUUUUUUUUSSSFFFFSFFSSFSSSFSSSSJSSSJJJJJJJJJJSSJMMSMDDDD<eos>
493,THE BRIDIC'SPCLCCCA_UUUUUUUUUUUUUJJJJJJJJJJJJJLLLLLLLLLLFLFFFFFFFFFFFFFFFFFFFFFFFFFFFFFZZZZZZZZZZZZZZZYYYYYPPPPPPPPPPPP<eos>
494,MR. IZ'ZYYWWWWWWWWWWKKKKKKKKKKKKTTTUUUUUXSSSSSSSSSSLLLLLLLLBBBBBBBBBBBBCCCCCCCCCCCCCCCCCCCCCNNCNDNQDNQDN-D-PD<eos>
495,TRAVYN ONL<sos>'MMMKKKGGGGGGGGPPPPPPPLPLXLLLLLLLLLLLL''''''''NNNNNNNNNNNNNIINNIINIIINPPIIINIINPPNPPINPINNIBIIIBIIIIBBBBBBBBBBBBBBBBQOFSS<eos>
496,BUT GL__DYY.HHHWWFFFFFFFFFFFVVVVVXXXXXXXKKKKKKKKKKKKKKZZZZZZZZZZZZZZZZZZZZZZZZZZZZZMMMMMMMMMMMMMMMMMMMMMMMMMNNNNDDDDD<eos>
497,BUT THERRPRIPLYAYYYGGGGGGVWWWWWWKKKKKC'''''SSSSSSNSSSJJJJJJJJJJJJJJJJJJJJJCCJCCCC.CCCC.CCCC.CCCCC.QQQQQQQQQQQQQQQQQQQQQQQQQQQQQQQQQQQQQQQQQQQQQQQQQ--<eos>
498,ASC_CIEDDEET____..............QQLLJJJGGGGGGGGLLLLLLLLLLLLLLLLLLLLLLLLLLLLLLWWWWWWWWWWWWWWWWWWWWWWWWWOOOOOORRRRNRNRNNRNNRNNRNNRNNNNNPPNNPPN-PPP--P<eos>
499,HUND+R__SSSAA.....TTTTTTT_____XXXXXXXKWWWWWWWWWWWMMVBWVVVVYYYVVVVVVVVVVFFFFFFFFFFFFFFFFWFWWFWFWFWFWFIFIIIIIIIIIIIIICCCCCCCCCCCCCCCCCCCC<eos>
500,T<sos>E LAWNCH'PPPPPPPPPFFFFRFRRRRRRRRRRRRRRRRSBBBBBBBBBBBBBBBBBBB.BBB.B.....................FFFFFFFFFFFFVVFVVVVFVVVVVVVVVVVKKQQQQQQQQQQQQQQQQQ<eos>
501,THEY''HNGHUUUUUUUSSLFLLLLLLLLLLLLFFFFFFFFFFCCCCCAAAAAAAAAVIPPPPPPPPPPPPPPPPPPPPPPPPPPP<eos>
502,THE PILI+YIIMMMIIIAIAAAAAAAAAANNNNNCCCCVCCCCCCMMMMMMMMMMMCCCCKKKKKKKKKKKKKKKKKKK.................JJJJJJJJJJJJJJJJGJGJGV<eos>
503,YESTR_AD''_LLZL   I IICUUUUUUUUUUMMBMMMMBBLLLLLPPPPPPPPPPPPPPPPPPPPPPPPPPP<eos>
504,MR. IZAANNNNTEETTPPPPPPPPPPPBBBBBBBNNAAAAAAAAFFFFFFFFFFFFLLLLTHTHHHHHTTHATTHTTHNAANTANTANTANTHNTTTTATTTHWWWWWWWWWWWWWWWWWWWQWWWWQWWWWQWWWQWWWQ<eos>
505,AFTEWDLLE___C____CMMMMMMMMMMMMMMMMNN''LLLJJJJJJJJJJJJJJJJJJJJJJJ..........XXXXXXXXXXXXXNNNNNGXNNNNNGGGNNNGGGNNNGGQQQNNNGQQQQQNGQQQQNQQQQNQQQQQQNQBQQQQQQQQQQQQQPPQQPPPPPPP<eos>
506,+HE TURNGIIPPPO_KKKKKKKKKEXXXXXXXVVVVVVVMMMMMMMMMMWWWWWWWWWWWWWWWWWLLKKKKKKKKKKKKKKKKQKCCCCCCCCCCSJSPPSPPSPPSPPSPP<eos>
507,WH'S SEINAAN__PNNNA_A_DDDTCCCCBBBBBQQQLLLLPLLLPPLBCCCCCCCCCCCCCCCVVVVVVVVVVVVVVVVVVVVVVVVVVV<eos>
508,THE DROPUWW.''SSSSSSOOFFFFFFLLLYYYYYYMMMMMMMMMVVVVVVVFFFFFFFFCCCCCCCCCCCCCCCCCCQXLQQ<eos>
509,DO+BLZ-QUOTE JWN'HNKHRSSSSSSASMASSSSMMMMMMMMMMMXSS.....................MMM.MMMMHHMMMHHMMMMHVVVVVVVVHMFFFFFFFFFFFFFFFFFFFFFFFFFFFFFFIFFIIIPFFIIPPPPPPPPPPPPPPPPPPPPPPPPPPPPPPPPPPPPPPPPPPPPPPPPPPPPPPPPPPPPPPPPPPPPPPPPPPPPPPPPPPPPPPPPPPPPPPPPPPPPPPPPPPPP
510,BUT THEY'AIEROAASS__S__CCCCCCCCCCCKKKWXXXXXXXXXXXXXXXXXXXXXXXXXXXXXXXXXXXXXXXQQQQQQNNNNNNNNNNNNN<eos>
511,FURMMANSZZLL______DDDDDDZZBBBBBBPPPPPPPWWLLLLLWWWLWWWWWWWWWWWWWWWWHHHHWHWHHHHHHHHHHHHHHHHHHGGGGGGGGYYYYYYYYYY.................<eos>
512,IF THEYSAMUNNNNNN___P______YYYYYYJJJJJJJJJWZWWWWWWWWZZZZZZABBBCBBBBBBBBCCCCCCCCWWWWWWWUUUUUUUUUUUUUUUUUUUUUUUUUUUUUUUUUUUUUUUUUUGGGGGGGGGGGGGXXXXXXXXX<eos>
513,IF THE ZUUUGJAL_L___CCCLCLLLLCCCDMMMMMMMMMMMPPPPPPPPPPPPPXXXXXXXXXXXXXXXXXXXXXXXVVVVVVVVVVVVVVVVRRRRRRRRRRRQQQQQQQQQQQQQQQQ<sos><sos><sos><sos>QQQ<eos>
514,+HORAFFF_______X'''MMK.M....AANANNWWWWWHHHHHVVVVVVVVVVVVVVVVVVVVVV<eos>
515,SHROKKTT+________ZZZAALLLLLLLLLLLLLIIMMMMMMMMMMMMMMMMMMMMMMMMMMMMMMWWWWWWWWWWWWWWWWWDWWDWWDDD<eos>
516,A.ZX''''_CKCEECEENNNNNVVVMMMMMMMMMBBBBBHHHHHHHHHHHFJJJJJJJJJJJJJJJJJ<sos><sos><sos>R-ODL<eos>
517,BRUTISHCCOMZZZZ_______XXXXXXXXKXSZZNNNNNNNNNNOOOOOOOLLLLLLLLLLLLQLLQQQQQQQQQQQD-<eos>
518,HIGE IRE ITT_______CCMMMMCCCCCCCCCMMMMMMMBBBBBBBBBBBBBBBBBBBBBBBBBBBBBBBFFNFNFNFNFNFFFFFFFFNLFP<eos>
519,+N Z'LL'ST__HHHTHHKKKUUUUUUBBUUUUUUHHHHHHHHHWWMMMMMMMMMMMMMMMMMMMMMMMMMMFMFFFPFPPPFQPFQ<eos>
520,NO'F.EMMMLLL_PP_PPPPBBVVVVVVVVVBBIIIIIUUUUJJJJJJIIIIIIIIITTWWWWWWWWWWWWWWWWHHHHHHHHHHHHHCCCCCCCCCCC<eos>
521,ALUOT''MMS__VVVVVVVVVVVHBBBBWWWWWWPPPPFFFFFFFRRNRRRNNRRRYTHHHHHHHHTHHHHHHTHHHTHFTHFTTTHTTTTTTTTJJJJMMMMMMMMMDDDDDDDDDNNNNNNNNNNNNNDC..........QQQQQQQQQQQ<eos>
522,ANOTHH_''PMK_M_MFMMMMMMRRRRRYYYYYWWWWWWWWWRRRRRRQRQQRRRCRRCCCCSCSSSSSSIFSS..FFS..FSS..<eos>
